"id","matchDate","Country","League","Season","homeTeam","awayTeam","H","D","A","O05","U05","O15","U15","O25","U25","O35","U35","O45","U45","BTTSY","BTTSN"
"6949","17-05-16 21:00","England","Premier League","2015/2016","Manchester Utd","Bournemouth","1.50","4.76","7.40","1.01","16.00","1.17","4.90","1.66","2.44","2.68","1.46","4.54","1.16","1.70","2.15"
"6950","15-05-16 16:00","England","Premier League","2015/2016","Arsenal","Aston Villa","1.13","12.00","24.00","1.01","26.00","1.08","7.90","1.26","3.78","1.77","2.20","2.75","1.45","2.09","1.74"
"6951","15-05-16 16:00","England","Premier League","2015/2016","Chelsea","Leicester","2.05","4.06","3.60","1.01","20.00","1.14","5.70","1.54","2.70","2.21","1.65","3.60","1.29","1.44","2.79"
"6952","15-05-16 16:00","England","Premier League","2015/2016","Everton","Norwich","1.74","4.24","4.86","1.01","16.00","1.14","5.50","1.58","2.58","2.31","1.60","4.50","1.20","1.51","2.56"
"6953","15-05-16 16:00","England","Premier League","2015/2016","Newcastle","Tottenham","4.90","4.28","1.73","1.01","15.00","1.19","4.60","1.73","2.26","2.68","1.46","4.70","1.19","1.65","2.24"
"6954","15-05-16 16:00","England","Premier League","2015/2016","Southampton","Crystal Palace","1.30","6.90","10.00","1.01","15.00","1.19","4.70","1.50","2.85","2.38","1.65","4.60","1.20","1.99","1.82"
"6955","15-05-16 16:00","England","Premier League","2015/2016","Stoke","West Ham","3.01","4.02","2.30","1.01","17.00","1.17","5.00","1.58","2.58","2.28","1.60","4.20","1.23","1.44","2.75"
"6956","15-05-16 16:00","England","Premier League","2015/2016","Swansea","Manchester City","7.30","5.15","1.46","1.01","16.00","1.19","4.70","1.46","2.64","2.38","1.67","4.50","1.20","1.59","2.33"
"6957","15-05-16 16:00","England","Premier League","2015/2016","Watford","Sunderland","1.65","4.42","5.55","1.02","14.00","1.22","4.30","1.60","2.54","2.32","1.58","5.10","1.17","1.54","2.44"
"6958","15-05-16 16:00","England","Premier League","2015/2016","West Brom","Liverpool","2.69","3.68","2.69","1.02","14.00","1.23","4.20","1.72","2.28","2.68","1.46","5.30","1.16","1.49","2.63"
"6959","11-05-16 21:00","England","Premier League","2015/2016","Liverpool","Chelsea","1.70","4.58","4.78","1.02","15.00","1.15","4.74","1.52","2.77","2.27","1.62","4.32","1.20","1.51","2.56"
"6960","11-05-16 20:45","England","Premier League","2015/2016","Norwich","Watford","1.89","4.10","4.20","1.05","12.00","1.22","4.20","1.81","2.14","2.86","1.41","5.10","1.13","1.68","2.19"
"6961","11-05-16 20:45","England","Premier League","2015/2016","Sunderland","Everton","1.85","4.16","4.24","1.04","13.00","1.23","4.10","1.70","2.29","2.64","1.46","5.25","1.16","1.58","2.35"
"6962","10-05-16 20:45","England","Premier League","2015/2016","West Ham","Manchester Utd","3.13","3.72","2.35","1.03","12.00","1.22","4.24","1.84","2.14","2.91","1.41","5.30","1.13","1.60","2.34"
"6963","08-05-16 17:00","England","Premier League","2015/2016","Liverpool","Watford","1.57","4.46","6.65","1.01","17.00","1.16","5.20","1.59","2.56","2.35","1.58","4.10","1.24","1.63","2.10"
"6964","08-05-16 17:00","England","Premier League","2015/2016","Manchester City","Arsenal","2.28","3.68","3.30","1.02","14.50","1.19","4.70","1.74","2.30","2.65","1.48","4.70","1.16","1.53","2.50"
"6965","08-05-16 14:30","England","Premier League","2015/2016","Tottenham","Southampton","2.25","3.44","3.60","1.03","12.50","1.26","3.78","1.98","1.94","3.24","1.33","6.00","1.10","1.70","2.15"
"6966","07-05-16 18:30","England","Premier League","2015/2016","Leicester","Everton","1.92","3.88","4.22","1.01","16.00","1.19","4.70","1.59","2.56","2.32","1.58","4.50","1.20","1.48","2.61"
"6967","07-05-16 16:00","England","Premier League","2015/2016","Aston Villa","Newcastle","5.40","4.30","1.67","1.03","12.50","1.18","4.60","1.85","2.08","3.04","1.36","6.00","1.13","1.77","2.03"
"6968","07-05-16 16:00","England","Premier League","2015/2016","Bournemouth","West Brom","1.94","3.68","4.36","1.04","11.50","1.23","4.10","1.89","2.04","3.04","1.37","5.50","1.11","1.75","2.08"
"6969","07-05-16 16:00","England","Premier League","2015/2016","Crystal Palace","Stoke","2.05","3.54","4.08","1.03","8.70","1.29","3.52","2.08","1.85","3.52","1.29","6.40","1.08","1.73","2.11"
"6970","07-05-16 16:00","England","Premier League","2015/2016","Sunderland","Chelsea","3.24","3.70","2.28","1.03","12.50","1.17","5.00","1.75","2.23","2.78","1.43","5.80","1.13","1.58","2.38"
"6971","07-05-16 16:00","England","Premier League","2015/2016","West Ham","Swansea","1.34","6.05","9.60","1.01","16.00","1.14","5.50","1.58","2.58","2.35","1.58","4.04","1.20","1.87","1.93"
"6972","07-05-16 13:45","England","Premier League","2015/2016","Norwich","Manchester Utd","4.02","3.68","2.04","1.03","9.10","1.29","3.60","2.07","1.90","3.44","1.31","6.50","1.09","1.80","2.01"
"6973","02-05-16 21:00","England","Premier League","2015/2016","Chelsea","Tottenham","2.62","3.58","2.85","1.04","13.00","1.19","4.70","1.71","2.32","2.65","1.48","4.70","1.16","1.49","2.63"
"6974","01-05-16 17:30","England","Premier League","2015/2016","Southampton","Manchester City","2.46","3.52","3.10","1.02","10.50","1.29","3.64","2.02","1.94","3.38","1.32","6.20","1.10","1.74","2.09"
"6975","01-05-16 15:05","England","Premier League","2015/2016","Manchester Utd","Leicester","2.04","3.68","4.02","1.05","8.10","1.36","3.15","2.26","1.76","3.94","1.25","7.60","1.06","1.95","1.85"
"6976","01-05-16 13:00","England","Premier League","2015/2016","Swansea","Liverpool","3.58","3.64","2.16","1.01","11.50","1.27","3.68","1.99","1.95","3.26","1.33","6.00","1.10","1.70","2.15"
"6977","30-04-16 18:30","England","Premier League","2015/2016","Arsenal","Norwich","1.25","7.10","14.00","1.03","17.00","1.13","6.10","1.53","2.82","2.22","1.66","3.80","1.23","1.98","1.83"
"6978","30-04-16 16:00","England","Premier League","2015/2016","Everton","Bournemouth","2.42","3.80","2.97","1.01","19.00","1.16","5.30","1.63","2.54","2.38","1.58","4.14","1.20","1.45","2.75"
"6979","30-04-16 16:00","England","Premier League","2015/2016","Newcastle","Crystal Palace","2.10","3.70","3.74","1.03","9.80","1.26","3.86","1.96","2.00","3.20","1.35","6.00","1.10","1.72","2.12"
"6980","30-04-16 16:00","England","Premier League","2015/2016","Stoke","Sunderland","2.87","3.54","2.60","1.03","9.00","1.29","3.56","2.04","1.89","3.38","1.31","6.30","1.09","1.74","2.09"
"6981","30-04-16 16:00","England","Premier League","2015/2016","Watford","Aston Villa","1.75","3.86","5.50","1.03","9.40","1.26","3.78","1.97","1.95","3.24","1.33","6.00","1.10","1.80","2.01"
"6982","30-04-16 16:00","England","Premier League","2015/2016","West Brom","West Ham","3.98","3.66","2.03","1.05","8.00","1.28","3.60","2.01","1.91","3.32","1.32","6.10","1.09","1.76","2.06"
"6983","25-04-16 21:00","England","Premier League","2015/2016","Tottenham","West Brom","1.25","7.43","12.20","1.03","17.00","1.15","5.30","1.58","2.61","2.38","1.57","4.05","1.20","2.25","1.64"
"6984","24-04-16 17:15","England","Premier League","2015/2016","Leicester","Swansea","1.71","3.84","6.07","1.05","7.80","1.35","3.15","2.28","1.72","4.10","1.23","7.80","1.05","2.05","1.71"
"6985","24-04-16 15:05","England","Premier League","2015/2016","Sunderland","Arsenal","5.57","4.42","1.67","1.04","13.00","1.19","4.70","1.74","2.30","2.68","1.47","4.80","1.15","1.70","2.15"
"6986","23-04-16 16:00","England","Premier League","2015/2016","Aston Villa","Southampton","7.18","4.34","1.55","1.02","9.70","1.25","3.86","2.02","1.94","3.26","1.33","6.10","1.09","2.00","1.81"
"6987","23-04-16 16:00","England","Premier League","2015/2016","Bournemouth","Chelsea","3.62","3.68","2.15","1.04","13.00","1.20","4.55","1.79","2.22","2.75","1.45","5.00","1.14","1.57","2.40"
"6988","23-04-16 16:00","England","Premier League","2015/2016","Liverpool","Newcastle","1.53","4.85","6.84","1.03","17.00","1.17","5.10","1.66","2.46","2.50","1.53","4.40","1.18","1.70","2.15"
"6989","23-04-16 13:45","England","Premier League","2015/2016","Manchester City","Stoke","1.30","6.48","10.90","1.03","15.00","1.15","5.30","1.60","2.61","2.38","1.57","4.05","1.20","1.95","1.85"
"6990","21-04-16 20:45","England","Premier League","2015/2016","Arsenal","West Brom","1.26","6.81","13.70","1.04","13.00","1.15","5.50","1.61","2.58","2.43","1.56","4.25","1.19","2.09","1.74"
"6991","20-04-16 21:00","England","Premier League","2015/2016","Liverpool","Everton","1.70","4.30","5.30","1.04","13.00","1.20","4.55","1.77","2.25","2.75","1.45","5.00","1.14","1.67","2.20"
"6992","20-04-16 21:00","England","Premier League","2015/2016","Manchester Utd","Crystal Palace","1.44","4.80","9.10","1.03","9.80","1.25","3.95","1.96","2.00","3.26","1.34","6.20","1.10","2.09","1.74"
"6993","20-04-16 20:45","England","Premier League","2015/2016","West Ham","Watford","1.47","4.84","8.10","1.05","12.00","1.20","4.55","1.79","2.22","2.83","1.43","5.10","1.14","1.87","1.93"
"6994","19-04-16 20:45","England","Premier League","2015/2016","Newcastle","Manchester City","6.50","4.60","1.56","1.03","15.00","1.17","5.10","1.66","2.45","2.50","1.53","4.40","1.18","1.70","2.14"
"6995","18-04-16 21:00","England","Premier League","2015/2016","Stoke","Tottenham","4.75","4.06","1.80","1.03","9.80","1.25","3.95","1.93","2.03","3.15","1.36","5.70","1.11","1.69","2.17"
"6996","17-04-16 17:00","England","Premier League","2015/2016","Arsenal","Crystal Palace","1.35","6.10","9.30","1.03","15.00","1.16","5.30","1.57","2.68","2.43","1.56","4.25","1.19","1.95","1.85"
"6997","17-04-16 14:30","England","Premier League","2015/2016","Bournemouth","Liverpool","2.75","3.52","2.75","1.05","11.00","1.22","4.30","1.83","2.16","2.88","1.42","5.20","1.13","1.63","2.28"
"6998","17-04-16 14:30","England","Premier League","2015/2016","Leicester","West Ham","2.00","3.60","4.25","1.03","9.50","1.27","3.76","2.01","1.95","3.30","1.33","6.20","1.10","1.71","2.14"
"6999","16-04-16 18:30","England","Premier League","2015/2016","Chelsea","Manchester City","2.64","3.75","2.73","1.04","13.00","1.19","4.70","1.73","2.31","2.62","1.49","4.70","1.16","1.46","2.72"
"7000","16-04-16 16:00","England","Premier League","2015/2016","Everton","Southampton","3.00","3.48","2.57","1.03","9.10","1.28","3.64","2.05","1.92","3.38","1.32","6.30","1.09","1.71","2.14"
"7001","16-04-16 16:00","England","Premier League","2015/2016","Manchester Utd","Aston Villa","1.26","6.80","14.50","1.05","12.00","1.21","4.40","1.80","2.20","2.91","1.41","5.30","1.13","2.22","1.66"
"7002","16-04-16 16:00","England","Premier League","2015/2016","Newcastle","Swansea","2.50","3.48","3.09","1.03","9.10","1.28","3.64","2.05","1.92","3.38","1.32","6.30","1.09","1.71","2.14"
"7003","16-04-16 16:00","England","Premier League","2015/2016","West Brom","Watford","2.42","3.24","3.50","1.07","7.10","1.44","2.79","2.57","1.61","4.70","1.19","9.10","1.04","2.01","1.80"
"7004","16-04-16 13:45","England","Premier League","2015/2016","Norwich","Sunderland","2.42","3.38","3.35","1.04","8.40","1.33","3.32","2.20","1.80","3.76","1.27","7.10","1.07","1.80","2.01"
"7005","13-04-16 21:00","England","Premier League","2015/2016","Crystal Palace","Everton","2.74","3.40","2.83","1.03","9.10","1.29","3.60","2.07","1.90","3.45","1.31","6.30","1.09","1.71","2.14"
"7006","10-04-16 17:00","England","Premier League","2015/2016","Liverpool","Stoke","1.71","4.15","5.40","1.03","9.50","1.27","3.76","1.98","1.98","3.26","1.34","6.00","1.10","1.87","1.93"
"7007","10-04-16 17:00","England","Premier League","2015/2016","Tottenham","Manchester Utd","2.03","3.75","3.95","1.04","8.80","1.32","3.38","2.14","1.84","3.64","1.28","6.90","1.08","1.86","1.94"
"7008","10-04-16 14:30","England","Premier League","2015/2016","Sunderland","Leicester","3.30","3.44","2.40","1.06","7.60","1.35","3.20","2.26","1.76","3.95","1.25","7.60","1.06","1.87","1.93"
"7009","09-04-16 18:30","England","Premier League","2015/2016","Manchester City","West Brom","1.37","5.50","9.90","1.05","12.00","1.21","4.40","1.81","2.19","2.91","1.41","5.30","1.13","2.02","1.79"
"7010","09-04-16 16:00","England","Premier League","2015/2016","Aston Villa","Bournemouth","3.80","3.55","2.15","1.04","8.40","1.33","3.32","2.19","1.81","3.76","1.27","7.10","1.07","1.83","1.97"
"7011","09-04-16 16:00","England","Premier League","2015/2016","Crystal Palace","Norwich","1.94","3.60","4.60","1.04","8.40","1.33","3.32","2.21","1.80","3.76","1.27","7.10","1.07","1.89","1.91"
"7012","09-04-16 16:00","England","Premier League","2015/2016","Southampton","Newcastle","1.64","4.26","6.00","1.03","12.00","1.24","4.05","1.88","2.09","3.04","1.38","5.50","1.12","1.83","1.98"
"7013","09-04-16 16:00","England","Premier League","2015/2016","Swansea","Chelsea","3.15","3.40","2.50","1.04","8.40","1.33","3.32","2.20","1.80","3.76","1.27","7.10","1.07","1.79","2.02"
"7014","09-04-16 16:00","England","Premier League","2015/2016","Watford","Everton","3.60","3.48","2.25","1.03","9.50","1.27","3.76","2.00","1.96","3.26","1.34","6.00","1.10","1.68","2.19"
"7015","09-04-16 13:45","England","Premier League","2015/2016","West Ham","Arsenal","4.01","4.00","1.98","1.04","13.00","1.19","4.70","1.74","2.30","2.65","1.48","4.70","1.16","1.56","2.43"
"7016","03-04-16 17:00","England","Premier League","2015/2016","Manchester Utd","Everton","1.99","3.74","4.20","1.03","9.80","1.26","3.86","1.98","1.98","3.26","1.34","6.00","1.10","1.75","2.08"
"7017","03-04-16 14:30","England","Premier League","2015/2016","Leicester","Southampton","2.39","3.22","3.55","1.05","7.80","1.37","3.10","2.35","1.71","4.20","1.23","7.80","1.05","1.95","1.84"
"7018","02-04-16 18:30","England","Premier League","2015/2016","Liverpool","Tottenham","2.17","3.70","3.60","1.05","11.00","1.22","4.25","1.84","2.14","2.91","1.41","5.30","1.13","1.61","2.32"
"7019","02-04-16 16:00","England","Premier League","2015/2016","Arsenal","Watford","1.36","5.80","9.50","1.04","13.00","1.16","5.30","1.65","2.47","2.50","1.53","4.40","1.18","1.92","1.88"
"7020","02-04-16 16:00","England","Premier League","2015/2016","Bournemouth","Manchester City","4.10","3.80","1.99","1.02","13.00","1.22","4.25","1.85","2.13","2.91","1.41","5.40","1.12","1.65","2.24"
"7021","02-04-16 16:00","England","Premier League","2015/2016","Norwich","Newcastle","2.37","3.46","3.35","1.04","8.40","1.34","3.26","2.23","1.78","3.86","1.26","7.30","1.07","1.84","1.96"
"7022","02-04-16 16:00","England","Premier League","2015/2016","Stoke","Swansea","2.15","3.44","4.00","1.05","7.80","1.39","3.00","2.39","1.69","4.25","1.22","8.10","1.05","1.97","1.83"
"7023","02-04-16 16:00","England","Premier League","2015/2016","Sunderland","West Brom","2.02","3.48","4.40","1.06","7.60","1.40","2.95","2.45","1.66","4.40","1.21","8.50","1.04","2.00","1.77"
"7024","02-04-16 16:00","England","Premier League","2015/2016","West Ham","Crystal Palace","1.89","3.75","4.65","1.03","9.50","1.27","3.76","2.01","1.95","3.30","1.33","6.20","1.10","1.77","2.05"
"7025","02-04-16 13:45","England","Premier League","2015/2016","Aston Villa","Chelsea","5.20","3.71","1.82","1.04","8.80","1.31","3.45","2.16","1.83","3.68","1.28","7.10","1.07","1.92","1.88"
"7026","20-03-16 17:00","England","Premier League","2015/2016","Manchester City","Manchester Utd","2.04","3.70","4.00","1.03","9.50","1.27","3.76","2.00","1.96","3.30","1.33","6.20","1.10","1.74","2.09"
"7027","20-03-16 17:00","England","Premier League","2015/2016","Tottenham","Bournemouth","1.55","4.39","7.30","1.03","12.50","1.21","4.40","1.82","2.17","2.88","1.42","5.30","1.13","1.83","1.97"
"7028","20-03-16 14:30","England","Premier League","2015/2016","Newcastle","Sunderland","2.24","3.35","3.75","1.04","8.40","1.34","3.26","2.25","1.77","3.86","1.26","7.30","1.07","1.82","1.99"
"7029","20-03-16 14:30","England","Premier League","2015/2016","Southampton","Liverpool","2.97","3.29","2.72","1.05","8.10","1.36","3.12","2.31","1.73","4.05","1.24","7.60","1.06","1.85","1.95"
"7030","19-03-16 18:30","England","Premier League","2015/2016","Swansea","Aston Villa","1.69","4.10","5.70","1.04","8.40","1.33","3.30","2.19","1.81","3.76","1.27","7.10","1.07","2.05","1.76"
"7031","19-03-16 16:00","England","Premier League","2015/2016","Chelsea","West Ham","1.84","3.88","4.80","1.05","11.00","1.24","4.05","1.90","2.07","3.04","1.38","5.70","1.11","1.71","2.14"
"7032","19-03-16 16:00","England","Premier League","2015/2016","Crystal Palace","Leicester","2.99","3.38","2.64","1.04","8.80","1.31","3.45","2.12","1.86","3.52","1.30","6.70","1.08","1.76","2.06"
"7033","19-03-16 16:00","England","Premier League","2015/2016","Watford","Stoke","2.26","3.35","3.70","1.07","7.30","1.42","2.88","2.50","1.64","4.55","1.20","8.80","1.04","2.00","1.80"
"7034","19-03-16 16:00","England","Premier League","2015/2016","West Brom","Norwich","2.47","3.25","3.35","1.06","7.60","1.40","2.95","2.45","1.66","4.40","1.21","8.50","1.04","1.94","1.86"
"7035","19-03-16 13:45","England","Premier League","2015/2016","Everton","Arsenal","2.76","3.50","2.75","1.05","12.00","1.19","4.70","1.74","2.30","2.65","1.48","4.70","1.16","1.52","2.53"
"7036","14-03-16 21:00","England","Premier League","2015/2016","Leicester","Newcastle","1.55","4.75","6.40","1.05","12.00","1.22","4.30","1.82","2.17","2.91","1.41","5.30","1.13","1.82","1.99"
"7037","13-03-16 17:00","England","Premier League","2015/2016","Aston Villa","Tottenham","7.10","4.54","1.54","1.03","11.00","1.24","4.05","1.89","2.06","3.10","1.37","5.70","1.11","1.93","1.87"
"7038","12-03-16 16:00","England","Premier League","2015/2016","Bournemouth","Swansea","2.05","3.58","4.10","1.05","8.10","1.35","3.20","2.25","1.77","3.95","1.25","7.30","1.07","1.91","1.89"
"7039","12-03-16 16:00","England","Premier League","2015/2016","Stoke","Southampton","2.70","3.32","2.94","1.07","7.10","1.44","2.79","2.55","1.62","4.70","1.19","8.80","1.04","2.00","1.79"
"7040","12-03-16 13:45","England","Premier League","2015/2016","Norwich","Manchester City","6.50","4.55","1.57","1.05","12.00","1.20","4.55","1.78","2.23","2.79","1.44","5.10","1.14","1.75","2.08"
"7041","06-03-16 17:00","England","Premier League","2015/2016","West Brom","Manchester Utd","4.50","3.58","1.97","1.05","8.10","1.35","3.20","2.27","1.77","3.95","1.25","7.60","1.06","1.93","1.87"
"7042","06-03-16 14:30","England","Premier League","2015/2016","Crystal Palace","Liverpool","3.95","3.47","2.14","1.04","9.00","1.30","3.52","2.10","1.87","3.52","1.30","6.70","1.08","1.80","1.93"
"7043","05-03-16 18:30","England","Premier League","2015/2016","Watford","Leicester","2.99","3.48","2.58","1.04","9.00","1.30","3.52","2.10","1.87","3.52","1.30","6.70","1.08","1.75","2.08"
"7044","05-03-16 16:00","England","Premier League","2015/2016","Chelsea","Stoke","1.59","4.42","6.50","1.05","11.00","1.25","3.95","1.92","2.05","3.12","1.36","5.70","1.11","1.89","1.91"
"7045","05-03-16 16:00","England","Premier League","2015/2016","Everton","West Ham","1.71","4.30","5.20","1.05","12.00","1.22","4.30","1.82","2.17","2.88","1.42","5.20","1.13","1.74","2.09"
"7046","05-03-16 16:00","England","Premier League","2015/2016","Manchester City","Aston Villa","1.21","8.40","15.00","1.02","19.00","1.12","5.50","1.49","2.62","2.38","1.68","4.05","1.24","2.20","1.63"
"7047","05-03-16 16:00","England","Premier League","2015/2016","Newcastle","Bournemouth","2.66","3.36","2.95","1.05","8.10","1.35","3.20","2.31","1.73","3.95","1.25","7.30","1.07","1.83","1.97"
"7048","05-03-16 16:00","England","Premier League","2015/2016","Southampton","Sunderland","1.58","4.40","6.60","1.04","9.00","1.30","3.52","2.09","1.88","3.60","1.29","6.70","1.08","2.00","1.75"
"7049","05-03-16 16:00","England","Premier League","2015/2016","Swansea","Norwich","2.12","3.42","4.05","1.05","8.10","1.36","3.15","2.30","1.74","4.05","1.24","7.60","1.06","1.91","1.85"
"7050","05-03-16 13:45","England","Premier League","2015/2016","Tottenham","Arsenal","2.43","3.55","3.13","1.05","12.00","1.20","4.55","1.78","2.23","2.72","1.46","4.85","1.15","1.59","2.36"
"7051","02-03-16 21:00","England","Premier League","2015/2016","Liverpool","Manchester City","2.71","3.77","2.65","1.05","11.00","1.23","4.20","1.85","2.13","2.91","1.41","5.30","1.13","1.61","2.32"
"7052","02-03-16 21:00","England","Premier League","2015/2016","Manchester Utd","Watford","1.65","4.25","5.90","1.03","9.10","1.28","3.68","2.05","1.92","3.45","1.31","6.50","1.09","2.00","1.79"
"7053","02-03-16 20:45","England","Premier League","2015/2016","Arsenal","Swansea","1.30","6.10","13.00","1.03","15.00","1.15","5.50","1.62","2.51","2.45","1.55","4.40","1.18","1.94","1.86"
"7054","02-03-16 20:45","England","Premier League","2015/2016","Stoke","Newcastle","2.07","3.58","4.10","1.03","9.10","1.28","3.64","2.06","1.91","3.38","1.32","6.30","1.09","1.76","2.06"
"7055","02-03-16 20:45","England","Premier League","2015/2016","West Ham","Tottenham","3.70","3.55","2.18","1.05","11.00","1.24","4.05","1.91","2.06","3.04","1.38","5.50","1.12","1.65","2.25"
"7056","01-03-16 20:45","England","Premier League","2015/2016","Aston Villa","Everton","5.60","4.30","1.67","1.03","9.50","1.28","3.68","2.01","1.95","3.38","1.32","6.30","1.09","1.94","1.86"
"7057","01-03-16 20:45","England","Premier League","2015/2016","Bournemouth","Southampton","2.94","3.42","2.64","1.07","7.30","1.42","2.88","2.47","1.65","4.55","1.20","8.50","1.04","1.95","1.81"
"7058","01-03-16 20:45","England","Premier League","2015/2016","Leicester","West Brom","1.69","3.95","6.00","1.04","8.80","1.31","3.45","2.13","1.85","3.64","1.28","6.90","1.08","1.97","1.83"
"7059","01-03-16 20:45","England","Premier League","2015/2016","Norwich","Chelsea","5.30","4.10","1.73","1.05","11.00","1.24","4.05","1.91","2.06","3.10","1.37","5.70","1.11","1.79","2.02"
"7060","01-03-16 20:45","England","Premier League","2015/2016","Sunderland","Crystal Palace","2.47","3.36","3.25","1.04","8.40","1.34","3.26","2.25","1.77","3.86","1.26","7.30","1.07","1.83","1.98"
"7061","28-02-16 15:05","England","Premier League","2015/2016","Manchester Utd","Arsenal","3.12","3.55","2.44","1.04","8.80","1.32","3.38","2.14","1.84","3.64","1.28","6.90","1.08","1.79","2.02"
"7062","28-02-16 15:05","England","Premier League","2015/2016","Tottenham","Swansea","1.50","4.42","8.44","1.03","9.10","1.28","3.68","2.06","1.91","3.45","1.31","6.70","1.08","2.15","1.70"
"7063","27-02-16 18:30","England","Premier League","2015/2016","West Brom","Crystal Palace","2.88","3.24","2.83","1.07","7.30","1.41","2.91","2.46","1.64","4.40","1.21","8.50","1.04","1.94","1.86"
"7064","27-02-16 16:00","England","Premier League","2015/2016","Leicester","Norwich","1.58","4.40","6.60","1.05","12.00","1.19","4.70","1.77","2.25","2.75","1.45","5.00","1.14","1.80","1.99"
"7065","27-02-16 16:00","England","Premier League","2015/2016","Southampton","Chelsea","3.25","3.40","2.45","1.05","7.80","1.38","3.04","2.36","1.69","4.20","1.23","8.10","1.05","1.87","1.93"
"7066","27-02-16 16:00","England","Premier League","2015/2016","Stoke","Aston Villa","1.90","3.58","4.90","1.05","7.80","1.37","3.10","2.37","1.70","4.20","1.23","8.10","1.05","2.00","1.78"
"7067","27-02-16 16:00","England","Premier League","2015/2016","Watford","Bournemouth","2.66","3.36","2.96","1.05","8.10","1.35","3.20","2.26","1.76","3.95","1.25","7.30","1.07","1.80","1.97"
"7068","27-02-16 13:45","England","Premier League","2015/2016","West Ham","Sunderland","1.86","3.85","4.70","1.03","9.80","1.25","3.95","1.95","2.01","3.15","1.36","6.00","1.10","1.80","2.01"
"7069","14-02-16 17:15","England","Premier League","2015/2016","Manchester City","Tottenham","2.16","3.45","3.85","1.06","10.00","1.24","4.05","1.92","2.02","3.10","1.37","5.70","1.11","1.55","2.45"
"7070","14-02-16 15:05","England","Premier League","2015/2016","Aston Villa","Liverpool","5.80","3.85","1.73","1.04","8.80","1.31","3.45","2.12","1.80","3.60","1.28","6.90","1.08","1.93","1.87"
"7071","14-02-16 13:00","England","Premier League","2015/2016","Arsenal","Leicester","1.73","4.40","4.80","1.04","13.00","1.18","4.85","1.68","2.38","2.56","1.51","4.55","1.17","1.67","2.20"
"7072","13-02-16 18:30","England","Premier League","2015/2016","Chelsea","Newcastle","1.40","5.30","9.10","1.03","15.00","1.16","5.30","1.64","2.46","2.50","1.53","4.40","1.18","1.81","2.00"
"7073","13-02-16 16:00","England","Premier League","2015/2016","Bournemouth","Stoke","1.98","3.70","4.20","1.04","8.80","1.32","3.35","2.16","1.81","3.75","1.27","7.10","1.07","1.91","1.84"
"7074","13-02-16 16:00","England","Premier League","2015/2016","Crystal Palace","Watford","2.16","3.35","4.00","1.05","8.10","1.36","3.15","2.30","1.72","4.05","1.24","7.80","1.05","1.95","1.83"
"7075","13-02-16 16:00","England","Premier League","2015/2016","Everton","West Brom","1.51","4.50","7.80","1.02","10.00","1.25","3.95","1.93","2.01","3.20","1.35","6.00","1.10","1.96","1.84"
"7076","13-02-16 16:00","England","Premier League","2015/2016","Norwich","West Ham","2.60","3.35","3.04","1.04","8.40","1.33","3.30","2.18","1.80","3.75","1.27","7.10","1.07","1.80","2.00"
"7077","13-02-16 16:00","England","Premier League","2015/2016","Swansea","Southampton","3.30","3.25","2.51","1.07","7.30","1.41","2.91","2.46","1.64","4.40","1.21","8.50","1.04","1.94","1.86"
"7078","13-02-16 13:45","England","Premier League","2015/2016","Sunderland","Manchester Utd","5.30","3.70","1.81","1.04","8.40","1.31","3.45","2.15","1.82","3.65","1.28","7.10","1.07","1.90","1.90"
"7079","07-02-16 17:00","England","Premier League","2015/2016","Chelsea","Manchester Utd","2.19","3.45","3.75","1.08","7.00","1.36","3.15","2.29","1.70","3.20","1.35","7.60","1.06","1.84","1.96"
"7080","07-02-16 14:30","England","Premier League","2015/2016","Bournemouth","Arsenal","4.50","3.80","1.90","1.06","10.00","1.24","4.05","1.92","2.02","3.10","1.37","5.70","1.11","1.74","2.09"
"7081","06-02-16 18:30","England","Premier League","2015/2016","Southampton","West Ham","1.80","3.95","4.90","1.04","9.00","1.30","3.50","2.07","1.88","3.50","1.30","6.50","1.09","1.91","1.89"
"7082","06-02-16 16:00","England","Premier League","2015/2016","Aston Villa","Norwich","2.50","3.25","3.30","1.06","7.60","1.39","3.00","2.40","1.67","4.25","1.22","8.10","1.05","1.95","1.85"
"7083","06-02-16 16:00","England","Premier League","2015/2016","Liverpool","Sunderland","1.48","4.80","7.80","1.05","11.00","1.21","4.40","1.79","2.19","2.83","1.43","5.20","1.13","1.87","1.93"
"7084","06-02-16 16:00","England","Premier League","2015/2016","Newcastle","West Brom","2.27","3.35","3.70","1.05","7.80","1.37","3.10","2.34","1.70","4.20","1.23","7.80","1.05","1.95","1.77"
"7085","06-02-16 16:00","England","Premier League","2015/2016","Stoke","Everton","2.97","3.35","2.65","1.03","9.10","1.29","3.60","2.07","1.88","3.45","1.31","6.50","1.09","1.71","2.14"
"7086","06-02-16 16:00","England","Premier League","2015/2016","Swansea","Crystal Palace","2.31","3.25","3.70","1.07","7.10","1.44","2.77","2.59","1.59","4.70","1.19","9.10","1.03","2.00","1.78"
"7087","06-02-16 16:00","England","Premier League","2015/2016","Tottenham","Watford","1.50","4.55","7.90","1.05","14.00","1.25","3.95","1.94","2.00","3.20","1.35","6.00","1.10","1.99","1.82"
"7088","06-02-16 13:45","England","Premier League","2015/2016","Manchester City","Leicester","1.65","4.35","5.70","1.03","15.00","1.18","4.85","1.71","2.32","2.62","1.49","4.70","1.16","1.66","2.22"
"7089","03-02-16 20:45","England","Premier League","2015/2016","Everton","Newcastle","1.74","4.15","5.10","1.01","16.00","1.19","4.70","1.76","2.24","2.65","1.48","4.80","1.15","1.68","2.19"
"7090","03-02-16 20:45","England","Premier League","2015/2016","Watford","Chelsea","4.80","3.85","1.84","1.03","9.50","1.27","3.75","2.01","1.93","3.30","1.33","6.30","1.09","1.84","1.96"
"7091","02-02-16 21:00","England","Premier League","2015/2016","Crystal Palace","Bournemouth","2.63","3.30","3.03","1.05","7.80","1.37","3.10","2.32","1.71","4.05","1.24","7.80","1.05","1.87","1.93"
"7092","02-02-16 21:00","England","Premier League","2015/2016","Manchester Utd","Stoke","1.66","3.95","6.40","1.05","8.10","1.35","3.20","2.28","1.74","4.05","1.24","7.80","1.05","2.20","1.67"
"7093","02-02-16 21:00","England","Premier League","2015/2016","West Brom","Swansea","2.66","3.12","3.16","1.09","6.30","1.51","2.56","2.83","1.51","5.40","1.15","11.50","1.01","2.15","1.70"
"7094","02-02-16 20:45","England","Premier League","2015/2016","Arsenal","Southampton","1.80","3.70","5.40","1.04","9.00","1.29","3.60","2.10","1.86","3.50","1.30","6.70","1.08","1.85","1.95"
"7095","02-02-16 20:45","England","Premier League","2015/2016","Leicester","Liverpool","2.89","3.40","2.69","1.04","9.00","1.30","3.50","2.09","1.86","3.50","1.30","6.50","1.09","1.74","2.09"
"7096","02-02-16 20:45","England","Premier League","2015/2016","Norwich","Tottenham","5.00","4.05","1.77","1.05","12.00","1.23","4.20","1.85","2.11","2.95","1.40","5.40","1.12","1.69","2.18"
"7097","02-02-16 20:45","England","Premier League","2015/2016","Sunderland","Manchester City","7.10","5.00","1.49","1.03","15.00","1.18","4.85","1.69","2.36","2.62","1.49","4.60","1.17","1.78","2.04"
"7098","02-02-16 20:45","England","Premier League","2015/2016","West Ham","Aston Villa","1.87","3.65","4.90","1.05","8.10","1.35","3.20","2.25","1.75","3.95","1.25","7.60","1.06","1.95","1.84"
"7099","24-01-16 17:00","England","Premier League","2015/2016","Arsenal","Chelsea","2.24","3.40","3.70","1.03","9.10","1.28","3.60","2.05","1.90","3.35","1.32","6.30","1.09","1.72","2.12"
"7100","24-01-16 14:30","England","Premier League","2015/2016","Everton","Swansea","1.74","3.90","5.50","1.06","10.00","1.24","4.05","1.90","2.05","3.04","1.38","5.70","1.11","1.83","1.92"
"7101","23-01-16 18:30","England","Premier League","2015/2016","West Ham","Manchester City","5.10","4.20","1.73","1.02","14.50","1.19","4.70","1.72","2.30","2.65","1.48","4.70","1.16","1.71","2.14"
"7102","23-01-16 16:00","England","Premier League","2015/2016","Crystal Palace","Tottenham","3.90","3.55","2.11","1.04","8.40","1.34","3.25","2.22","1.77","3.85","1.26","7.30","1.07","1.89","1.91"
"7103","23-01-16 16:00","England","Premier League","2015/2016","Leicester","Stoke","1.94","3.60","4.60","1.04","8.80","1.31","3.45","2.14","1.83","3.60","1.28","6.90","1.08","1.85","1.95"
"7104","23-01-16 16:00","England","Premier League","2015/2016","Manchester Utd","Southampton","2.02","3.40","4.50","1.06","7.60","1.38","3.04","2.39","1.68","4.25","1.22","8.10","1.05","1.99","1.82"
"7105","23-01-16 16:00","England","Premier League","2015/2016","Sunderland","Bournemouth","2.80","3.40","2.77","1.04","8.80","1.31","3.45","2.15","1.82","3.60","1.29","6.70","1.08","1.80","2.00"
"7106","23-01-16 16:00","England","Premier League","2015/2016","Watford","Newcastle","2.03","3.65","4.10","1.03","9.10","1.30","3.50","2.07","1.88","3.45","1.31","6.50","1.09","1.79","2.02"
"7107","23-01-16 16:00","England","Premier League","2015/2016","West Brom","Aston Villa","2.33","3.20","3.70","1.08","6.90","1.47","2.68","2.67","1.56","4.85","1.18","9.50","1.03","2.08","1.75"
"7108","23-01-16 13:45","England","Premier League","2015/2016","Norwich","Liverpool","4.45","3.70","1.94","1.04","9.00","1.30","3.50","2.10","1.86","3.50","1.30","6.70","1.08","1.83","1.97"
"7109","18-01-16 21:00","England","Premier League","2015/2016","Swansea","Watford","2.28","3.30","3.70","1.05","7.80","1.38","3.04","2.38","1.68","4.25","1.22","8.10","1.05","1.90","1.88"
"7110","17-01-16 17:15","England","Premier League","2015/2016","Stoke","Arsenal","3.60","3.25","2.35","1.05","8.10","1.36","3.15","2.30","1.72","3.95","1.25","7.60","1.06","1.75","2.08"
"7111","17-01-16 15:05","England","Premier League","2015/2016","Liverpool","Manchester Utd","2.73","3.20","3.00","1.04","8.40","1.37","3.10","2.36","1.69","4.20","1.23","7.80","1.05","1.78","2.04"
"7112","16-01-16 18:30","England","Premier League","2015/2016","Aston Villa","Leicester","3.80","3.65","2.11","1.03","9.50","1.30","3.50","2.02","1.92","3.30","1.33","6.30","1.09","1.69","2.17"
"7113","16-01-16 16:00","England","Premier League","2015/2016","Bournemouth","Norwich","1.98","3.65","4.30","1.03","9.10","1.29","3.60","2.06","1.89","3.45","1.31","6.50","1.09","1.79","2.02"
"7114","16-01-16 16:00","England","Premier League","2015/2016","Chelsea","Everton","1.75","4.10","5.10","1.04","13.00","1.22","4.30","1.81","2.16","2.88","1.42","5.20","1.13","1.56","2.43"
"7115","16-01-16 16:00","England","Premier League","2015/2016","Manchester City","Crystal Palace","1.40","5.20","9.50","1.01","18.00","1.17","5.10","1.67","2.41","2.56","1.51","4.55","1.17","1.80","2.01"
"7116","16-01-16 16:00","England","Premier League","2015/2016","Newcastle","West Ham","2.41","3.50","3.25","1.02","11.00","1.30","3.50","2.07","1.88","3.45","1.31","6.50","1.09","1.72","2.09"
"7117","16-01-16 16:00","England","Premier League","2015/2016","Southampton","West Brom","1.73","3.75","6.00","1.05","7.80","1.36","3.12","2.33","1.71","4.20","1.23","7.80","1.05","2.10","1.70"
"7118","16-01-16 13:45","England","Premier League","2015/2016","Tottenham","Sunderland","1.40","5.10","9.70","1.04","13.00","1.17","5.10","1.67","2.40","2.56","1.51","4.55","1.17","1.99","1.82"
"7119","13-01-16 21:00","England","Premier League","2015/2016","Liverpool","Arsenal","2.80","3.45","2.74","1.03","9.50","1.28","3.65","2.02","1.92","3.30","1.33","6.20","1.10","1.64","2.26"
"7120","13-01-16 21:00","England","Premier League","2015/2016","Tottenham","Leicester","1.88","3.55","5.10","1.02","12.00","1.22","4.25","1.88","2.07","2.95","1.40","5.50","1.12","1.64","2.26"
"7121","13-01-16 20:45","England","Premier League","2015/2016","Chelsea","West Brom","1.45","4.70","9.10","1.04","9.00","1.29","3.60","2.08","1.87","3.60","1.29","6.90","1.08","2.24","1.65"
"7122","13-01-16 20:45","England","Premier League","2015/2016","Manchester City","Everton","1.54","4.75","6.60","1.01","17.00","1.12","6.10","1.52","2.80","2.17","1.69","3.60","1.25","1.53","2.50"
"7123","13-01-16 20:45","England","Premier League","2015/2016","Southampton","Watford","2.07","3.50","4.15","1.04","8.80","1.30","3.50","2.12","1.84","3.60","1.29","6.70","1.08","1.79","2.02"
"7124","13-01-16 20:45","England","Premier League","2015/2016","Stoke","Norwich","2.02","3.50","4.30","1.04","8.40","1.32","3.40","2.20","1.79","3.75","1.27","7.10","1.07","1.85","1.95"
"7125","13-01-16 20:45","England","Premier League","2015/2016","Swansea","Sunderland","1.92","3.50","4.85","1.05","8.10","1.34","3.25","2.28","1.74","3.95","1.25","7.60","1.06","1.94","1.86"
"7126","12-01-16 20:45","England","Premier League","2015/2016","Aston Villa","Crystal Palace","3.40","3.30","2.42","1.05","7.80","1.38","3.04","2.38","1.68","4.25","1.22","8.10","1.05","1.90","1.88"
"7127","12-01-16 20:45","England","Premier League","2015/2016","Bournemouth","West Ham","2.05","3.80","3.85","1.04","9.00","1.30","3.50","2.07","1.88","3.50","1.30","6.50","1.09","1.83","1.97"
"7128","12-01-16 20:45","England","Premier League","2015/2016","Newcastle","Manchester Utd","5.10","3.80","1.81","1.04","8.80","1.33","3.30","2.19","1.79","3.75","1.27","7.30","1.07","1.98","1.83"
"7129","03-01-16 17:00","England","Premier League","2015/2016","Everton","Tottenham","2.64","3.50","2.88","1.02","12.00","1.18","4.85","1.72","2.30","2.62","1.49","4.60","1.17","1.49","2.62"
"7130","03-01-16 14:30","England","Premier League","2015/2016","Crystal Palace","Chelsea","4.25","3.60","2.00","1.04","8.40","1.35","3.20","2.24","1.76","3.95","1.25","7.30","1.07","1.92","1.88"
"7131","02-01-16 18:30","England","Premier League","2015/2016","Watford","Manchester City","5.20","4.15","1.73","1.02","13.00","1.18","4.85","1.71","2.32","2.62","1.49","4.70","1.16","1.68","2.19"
"7132","02-01-16 16:00","England","Premier League","2015/2016","Arsenal","Newcastle","1.25","7.30","13.50","1.01","19.00","1.11","6.60","1.46","3.02","2.08","1.75","3.45","1.27","1.95","1.85"
"7133","02-01-16 16:00","England","Premier League","2015/2016","Leicester","Bournemouth","1.90","3.80","4.50","1.03","12.00","1.24","4.05","1.89","2.06","3.04","1.38","5.50","1.12","1.69","2.17"
"7134","02-01-16 16:00","England","Premier League","2015/2016","Manchester Utd","Swansea","1.51","4.40","8.10","1.04","8.80","1.36","3.12","2.30","1.72","4.20","1.23","7.80","1.05","2.38","1.58"
"7135","02-01-16 16:00","England","Premier League","2015/2016","Norwich","Southampton","3.02","3.25","2.67","1.04","8.40","1.33","3.30","2.21","1.78","3.75","1.27","7.10","1.07","1.78","2.04"
"7136","02-01-16 16:00","England","Premier League","2015/2016","Sunderland","Aston Villa","2.55","3.20","3.25","1.05","7.80","1.37","3.10","2.36","1.69","4.20","1.23","7.80","1.05","1.87","1.93"
"7137","02-01-16 16:00","England","Premier League","2015/2016","West Brom","Stoke","2.99","3.15","2.77","1.08","6.90","1.47","2.68","2.67","1.56","4.85","1.18","9.50","1.03","2.05","1.77"
"7138","02-01-16 13:45","England","Premier League","2015/2016","West Ham","Liverpool","4.15","3.55","2.05","1.04","8.80","1.30","3.50","2.11","1.85","3.60","1.29","6.70","1.08","1.79","2.02"
"7139","30-12-15 20:45","England","Premier League","2015/2016","Sunderland","Liverpool","5.80","4.20","1.67","1.02","10.00","1.25","3.95","1.92","2.02","3.15","1.36","5.70","1.11","1.84","1.96"
"7140","29-12-15 20:45","England","Premier League","2015/2016","Leicester","Manchester City","4.35","4.10","1.86","1.02","15.00","1.15","5.50","1.60","2.56","2.36","1.59","4.05","1.21","1.50","2.59"
"7141","28-12-15 18:30","England","Premier League","2015/2016","Arsenal","Bournemouth","1.50","4.50","8.10","1.02","13.00","1.19","4.70","1.77","2.22","2.77","1.44","5.10","1.14","1.78","2.04"
"7142","28-12-15 18:30","England","Premier League","2015/2016","Manchester Utd","Chelsea","2.57","3.30","3.12","1.05","7.80","1.39","3.00","2.38","1.68","4.25","1.22","8.10","1.05","1.90","1.90"
"7143","28-12-15 18:30","England","Premier League","2015/2016","West Ham","Southampton","3.40","3.45","2.34","1.05","8.10","1.37","3.10","2.30","1.72","4.05","1.24","7.80","1.05","1.90","1.90"
"7144","28-12-15 16:00","England","Premier League","2015/2016","Crystal Palace","Swansea","2.05","3.50","4.20","1.06","7.60","1.40","2.95","2.42","1.66","4.40","1.21","8.50","1.04","2.02","1.79"
"7145","28-12-15 16:00","England","Premier League","2015/2016","Everton","Stoke","1.91","3.65","4.65","1.03","9.80","1.25","3.95","1.95","1.99","3.15","1.36","6.00","1.10","1.79","2.02"
"7146","28-12-15 16:00","England","Premier League","2015/2016","Norwich","Aston Villa","1.96","3.70","4.30","1.04","8.80","1.31","3.45","2.11","1.85","3.60","1.29","6.70","1.08","1.85","1.95"
"7147","28-12-15 16:00","England","Premier League","2015/2016","Watford","Tottenham","3.35","3.55","2.33","1.03","9.10","1.29","3.60","2.06","1.89","3.45","1.31","6.50","1.09","1.75","2.08"
"7148","28-12-15 16:00","England","Premier League","2015/2016","West Brom","Newcastle","2.22","3.30","3.85","1.05","8.10","1.36","3.15","2.30","1.72","4.05","1.24","7.60","1.06","1.88","1.92"
"7149","26-12-15 20:45","England","Premier League","2015/2016","Southampton","Arsenal","3.70","3.50","2.20","1.01","11.50","1.26","3.85","1.97","1.97","3.04","1.38","6.00","1.10","1.70","2.15"
"7150","26-12-15 18:30","England","Premier League","2015/2016","Newcastle","Everton","3.55","3.65","2.20","1.04","13.00","1.19","4.70","1.73","2.29","2.62","1.49","4.70","1.16","1.52","2.53"
"7151","26-12-15 16:00","England","Premier League","2015/2016","Aston Villa","West Ham","2.56","3.25","3.18","1.05","7.80","1.38","3.04","2.38","1.68","4.25","1.22","8.10","1.05","1.90","1.90"
"7152","26-12-15 16:00","England","Premier League","2015/2016","Bournemouth","Crystal Palace","2.27","3.50","3.50","1.04","9.00","1.30","3.50","2.08","1.87","3.50","1.30","6.50","1.09","1.76","2.06"
"7153","26-12-15 16:00","England","Premier League","2015/2016","Chelsea","Watford","1.54","4.50","7.10","1.05","12.00","1.20","4.55","1.77","2.22","2.77","1.44","5.10","1.14","1.77","2.05"
"7154","26-12-15 16:00","England","Premier League","2015/2016","Liverpool","Leicester","2.09","3.85","3.65","1.03","12.00","1.22","4.30","1.83","2.00","2.91","1.41","5.30","1.13","1.65","2.24"
"7155","26-12-15 16:00","England","Premier League","2015/2016","Manchester City","Sunderland","1.24","7.50","14.00","1.01","23.00","1.07","7.10","1.35","3.20","1.98","1.96","3.20","1.35","1.93","1.87"
"7156","26-12-15 16:00","England","Premier League","2015/2016","Swansea","West Brom","2.00","3.35","4.70","1.08","6.90","1.46","2.72","2.64","1.57","4.85","1.18","9.50","1.03","2.15","1.70"
"7157","26-12-15 16:00","England","Premier League","2015/2016","Tottenham","Norwich","1.47","4.75","8.20","1.04","13.00","1.19","4.70","1.74","2.27","2.72","1.46","4.85","1.15","1.80","2.01"
"7158","26-12-15 13:45","England","Premier League","2015/2016","Stoke","Manchester Utd","3.80","3.35","2.23","1.05","8.10","1.37","3.10","2.34","1.70","4.20","1.23","7.80","1.05","1.88","1.92"
"7159","21-12-15 21:00","England","Premier League","2015/2016","Arsenal","Manchester City","2.57","3.55","2.92","1.04","13.00","1.19","4.70","1.71","2.32","2.38","1.58","4.60","1.17","1.48","2.65"
"7160","20-12-15 17:00","England","Premier League","2015/2016","Swansea","West Ham","2.12","3.45","4.00","1.05","8.10","1.36","3.15","2.29","1.73","4.05","1.24","7.60","1.06","1.91","1.89"
"7161","20-12-15 14:30","England","Premier League","2015/2016","Watford","Liverpool","3.95","3.65","2.07","1.01","11.50","1.30","3.50","2.08","1.87","3.50","1.30","6.70","1.08","1.80","2.01"
"7162","19-12-15 18:30","England","Premier League","2015/2016","Newcastle","Aston Villa","2.00","3.60","4.30","1.04","8.80","1.32","3.35","2.15","1.82","3.65","1.28","6.90","1.08","1.79","2.02"
"7163","19-12-15 16:00","England","Premier League","2015/2016","Chelsea","Sunderland","1.34","5.80","11.00","1.02","14.00","1.21","4.40","1.78","2.21","2.88","1.42","5.20","1.13","2.26","1.64"
"7164","19-12-15 16:00","England","Premier League","2015/2016","Everton","Leicester","2.17","3.75","3.50","1.01","16.00","1.14","5.60","1.59","2.59","2.32","1.61","3.90","1.22","1.43","2.83"
"7165","19-12-15 16:00","England","Premier League","2015/2016","Manchester Utd","Norwich","1.44","4.90","8.80","1.05","11.00","1.20","4.55","1.78","2.21","2.83","1.43","5.20","1.13","2.11","1.73"
"7166","19-12-15 16:00","England","Premier League","2015/2016","Southampton","Tottenham","2.87","3.40","2.70","1.03","9.10","1.29","3.60","2.07","1.88","3.45","1.31","6.50","1.09","1.71","2.14"
"7167","19-12-15 16:00","England","Premier League","2015/2016","Stoke","Crystal Palace","2.54","3.25","3.20","1.05","7.80","1.38","3.04","2.36","1.69","4.20","1.23","8.10","1.05","1.95","1.85"
"7168","19-12-15 16:00","England","Premier League","2015/2016","West Brom","Bournemouth","2.77","3.35","2.84","1.05","8.10","1.36","3.15","2.28","1.74","3.95","1.25","7.60","1.06","1.95","1.85"
"7169","14-12-15 21:00","England","Premier League","2015/2016","Leicester","Chelsea","3.50","3.60","2.23","1.05","11.00","1.23","4.20","1.86","2.09","2.95","1.40","5.40","1.12","1.62","2.31"
"7170","13-12-15 17:00","England","Premier League","2015/2016","Liverpool","West Brom","1.47","4.65","8.60","1.03","9.10","1.28","3.65","2.04","1.91","3.45","1.31","6.50","1.09","2.34","1.60"
"7171","13-12-15 17:00","England","Premier League","2015/2016","Tottenham","Newcastle","1.39","5.70","8.50","1.03","15.00","1.16","5.30","1.62","2.52","2.45","1.55","4.25","1.19","1.87","1.93"
"7172","13-12-15 14:30","England","Premier League","2015/2016","Aston Villa","Arsenal","6.60","4.50","1.57","1.05","12.00","1.22","4.25","1.83","2.13","2.95","1.40","5.40","1.12","1.88","1.92"
"7173","12-12-15 18:30","England","Premier League","2015/2016","Bournemouth","Manchester Utd","3.45","3.40","2.34","1.04","8.40","1.34","3.25","2.22","1.77","3.85","1.26","7.30","1.07","1.99","1.82"
"7174","12-12-15 16:00","England","Premier League","2015/2016","Crystal Palace","Southampton","2.45","3.35","3.30","1.04","8.80","1.31","3.45","2.12","1.84","3.60","1.29","6.70","1.08","1.74","2.09"
"7175","12-12-15 16:00","England","Premier League","2015/2016","Manchester City","Swansea","1.37","5.60","9.70","1.02","17.00","1.15","5.50","1.60","2.56","2.40","1.57","4.15","1.20","1.93","1.87"
"7176","12-12-15 16:00","England","Premier League","2015/2016","Sunderland","Watford","2.86","3.30","2.77","1.05","8.10","1.35","3.20","2.25","1.75","3.85","1.26","7.30","1.07","1.82","1.99"
"7177","12-12-15 16:00","England","Premier League","2015/2016","West Ham","Stoke","2.69","3.35","2.92","1.05","7.80","1.38","3.04","2.34","1.70","4.20","1.23","7.80","1.05","1.90","1.90"
"7178","12-12-15 13:45","England","Premier League","2015/2016","Norwich","Everton","3.25","3.55","2.37","1.05","11.00","1.22","4.30","1.83","2.13","2.88","1.42","5.30","1.13","1.57","2.40"
"7179","07-12-15 21:00","England","Premier League","2015/2016","Everton","Crystal Palace","2.10","3.60","3.90","1.06","10.00","1.26","3.85","1.95","1.99","3.15","1.36","6.00","1.10","1.69","2.17"
"7180","06-12-15 17:00","England","Premier League","2015/2016","Newcastle","Liverpool","6.20","4.55","1.59","1.04","13.00","1.17","5.10","1.78","2.21","2.53","1.52","4.55","1.17","1.72","2.12"
"7181","05-12-15 18:30","England","Premier League","2015/2016","Chelsea","Bournemouth","1.41","5.20","9.00","1.05","12.00","1.21","4.40","1.80","2.18","2.88","1.42","5.30","1.13","1.94","1.86"
"7182","05-12-15 16:00","England","Premier League","2015/2016","Arsenal","Sunderland","1.29","6.50","12.00","1.01","17.00","1.15","5.40","1.61","2.54","2.45","1.55","4.25","1.19","2.17","1.69"
"7183","05-12-15 16:00","England","Premier League","2015/2016","Manchester Utd","West Ham","1.51","4.55","7.70","1.05","10.00","1.32","3.35","2.14","1.83","3.75","1.27","7.10","1.07","2.24","1.65"
"7184","05-12-15 16:00","England","Premier League","2015/2016","Southampton","Aston Villa","1.56","4.50","6.80","1.03","9.80","1.26","3.85","1.95","1.99","3.25","1.34","6.00","1.10","1.98","1.83"
"7185","05-12-15 16:00","England","Premier League","2015/2016","Swansea","Leicester","2.64","3.45","2.90","1.04","9.00","1.30","3.50","2.08","1.87","3.50","1.30","6.50","1.09","1.74","2.09"
"7186","05-12-15 16:00","England","Premier League","2015/2016","Watford","Norwich","2.37","3.45","3.35","1.03","9.10","1.29","3.60","2.06","1.89","3.45","1.31","6.50","1.09","1.72","2.12"
"7187","05-12-15 16:00","England","Premier League","2015/2016","West Brom","Tottenham","4.90","3.70","1.86","1.03","9.10","1.29","3.60","2.11","1.85","3.45","1.31","6.50","1.09","1.83","1.98"
"7188","05-12-15 13:45","England","Premier League","2015/2016","Stoke","Manchester City","5.60","4.10","1.70","1.06","13.50","1.28","3.65","2.02","1.92","3.35","1.32","6.30","1.09","1.90","1.90"
"7189","29-11-15 17:15","England","Premier League","2015/2016","Liverpool","Swansea","1.50","4.55","7.90","1.05","12.00","1.20","4.55","1.78","2.21","2.77","1.44","5.10","1.14","1.78","2.04"
"7190","29-11-15 17:15","England","Premier League","2015/2016","Norwich","Arsenal","6.00","4.45","1.61","1.01","16.00","1.14","5.60","1.59","2.59","2.34","1.60","4.05","1.21","1.56","2.43"
"7191","29-11-15 15:05","England","Premier League","2015/2016","West Ham","West Brom","2.19","3.40","3.85","1.05","8.10","1.36","3.12","2.30","1.72","4.05","1.24","7.80","1.05","1.89","1.91"
"7192","29-11-15 13:00","England","Premier League","2015/2016","Tottenham","Chelsea","2.68","3.45","2.86","1.05","11.00","1.25","3.95","1.93","2.01","3.10","1.37","5.70","1.11","1.58","2.38"
"7193","28-11-15 18:30","England","Premier League","2015/2016","Leicester","Manchester Utd","3.16","3.55","2.41","1.03","9.50","1.28","3.60","2.02","1.92","3.35","1.32","6.30","1.09","1.62","2.30"
"7194","28-11-15 16:00","England","Premier League","2015/2016","Aston Villa","Watford","2.80","3.30","2.84","1.05","7.80","1.37","3.10","2.32","1.71","4.05","1.24","7.80","1.05","1.86","1.94"
"7195","28-11-15 16:00","England","Premier League","2015/2016","Bournemouth","Everton","2.71","3.65","2.71","1.02","13.00","1.21","4.40","1.79","2.19","2.79","1.44","5.00","1.14","1.57","2.40"
"7196","28-11-15 16:00","England","Premier League","2015/2016","Crystal Palace","Newcastle","1.75","4.05","5.20","1.02","13.50","1.22","4.30","1.83","2.13","2.91","1.41","5.40","1.12","1.71","2.14"
"7197","28-11-15 16:00","England","Premier League","2015/2016","Manchester City","Southampton","1.60","4.30","6.50","1.01","15.00","1.17","5.10","1.69","2.36","2.56","1.51","4.60","1.17","1.65","2.24"
"7198","28-11-15 16:00","England","Premier League","2015/2016","Sunderland","Stoke","3.10","3.20","2.64","1.05","7.80","1.38","3.04","2.38","1.68","4.20","1.23","8.10","1.05","1.87","1.93"
"7199","23-11-15 21:00","England","Premier League","2015/2016","Crystal Palace","Sunderland","1.56","4.60","6.50","1.05","11.00","1.24","4.05","1.88","2.07","3.04","1.38","5.70","1.11","1.79","2.02"
"7200","22-11-15 17:00","England","Premier League","2015/2016","Tottenham","West Ham","1.65","4.30","5.80","1.04","13.00","1.19","4.70","1.74","2.27","2.68","1.47","4.85","1.15","1.66","2.22"
"7201","21-11-15 18:30","England","Premier League","2015/2016","Manchester City","Liverpool","1.86","3.85","4.65","1.05","12.00","1.19","4.70","1.75","2.25","2.68","1.47","4.85","1.15","1.53","2.50"
"7202","21-11-15 16:00","England","Premier League","2015/2016","Chelsea","Norwich","1.43","5.00","8.80","1.02","14.00","1.17","5.10","1.68","2.38","2.59","1.50","4.60","1.17","1.79","2.02"
"7203","21-11-15 16:00","England","Premier League","2015/2016","Everton","Aston Villa","1.73","4.05","5.40","1.03","14.00","1.25","3.95","1.94","2.00","3.20","1.35","6.00","1.10","1.80","2.01"
"7204","21-11-15 16:00","England","Premier League","2015/2016","Newcastle","Leicester","2.89","3.60","2.57","1.01","15.00","1.18","4.85","1.71","2.32","2.59","1.50","4.60","1.17","1.49","2.62"
"7205","21-11-15 16:00","England","Premier League","2015/2016","Southampton","Stoke","1.74","3.90","5.50","1.04","9.00","1.32","3.35","2.17","1.81","3.75","1.27","7.10","1.07","1.99","1.82"
"7206","21-11-15 16:00","England","Premier League","2015/2016","Swansea","Bournemouth","2.30","3.35","3.60","1.04","8.40","1.33","3.30","2.21","1.78","3.75","1.27","7.10","1.07","1.81","2.00"
"7207","21-11-15 16:00","England","Premier League","2015/2016","West Brom","Arsenal","6.60","4.45","1.58","1.05","12.00","1.22","4.30","1.83","2.13","2.95","1.40","5.40","1.12","1.82","1.99"
"7208","21-11-15 13:45","England","Premier League","2015/2016","Watford","Manchester Utd","4.20","3.40","2.09","1.07","7.50","1.42","2.88","2.51","1.62","4.55","1.20","8.80","1.04","2.06","1.76"
"7209","08-11-15 17:00","England","Premier League","2015/2016","Arsenal","Tottenham","1.85","3.95","4.55","1.03","15.00","1.18","4.85","1.69","2.36","2.56","1.51","4.55","1.17","1.67","2.20"
"7210","08-11-15 17:00","England","Premier League","2015/2016","Liverpool","Crystal Palace","1.66","4.20","5.90","1.03","9.50","1.26","3.85","1.95","1.99","3.20","1.35","6.00","1.10","1.89","1.91"
"7211","08-11-15 14:30","England","Premier League","2015/2016","Aston Villa","Manchester City","8.70","5.30","1.41","1.04","13.00","1.18","4.85","1.70","2.34","2.65","1.48","4.70","1.16","1.88","1.92"
"7212","07-11-15 18:30","England","Premier League","2015/2016","Stoke","Chelsea","4.60","3.70","1.91","1.04","8.50","1.29","3.60","2.06","1.89","3.45","1.31","6.50","1.09","1.81","2.00"
"7213","07-11-15 16:00","England","Premier League","2015/2016","Leicester","Watford","1.94","3.80","4.30","1.03","12.50","1.21","4.40","1.79","2.19","2.79","1.44","5.10","1.14","",""
"7214","07-11-15 16:00","England","Premier League","2015/2016","Manchester Utd","West Brom","1.34","5.50","12.00","1.02","10.00","1.28","3.65","2.00","1.94","3.35","1.32","6.30","1.09","2.34","1.60"
"7215","07-11-15 16:00","England","Premier League","2015/2016","Norwich","Swansea","2.46","3.45","3.16","1.04","11.00","1.25","3.95","1.92","2.02","3.10","1.37","5.70","1.11","1.63","2.28"
"7216","07-11-15 16:00","England","Premier League","2015/2016","Sunderland","Southampton","4.70","4.05","1.81","1.04","9.10","1.27","3.75","1.96","1.98","3.25","1.34","6.00","1.10","1.82","1.99"
"7217","07-11-15 16:00","England","Premier League","2015/2016","West Ham","Everton","2.47","3.55","3.06","1.02","13.50","1.20","4.55","1.75","2.25","2.68","1.47","4.80","1.15","1.53","2.50"
"7218","07-11-15 13:45","England","Premier League","2015/2016","Bournemouth","Newcastle","2.26","3.60","3.45","1.05","12.00","1.23","4.20","1.85","2.11","2.95","1.40","5.40","1.12","1.60","2.34"
"7219","02-11-15 21:00","England","Premier League","2015/2016","Tottenham","Aston Villa","1.41","5.10","9.30","1.05","12.00","1.19","4.70","1.74","2.27","2.72","1.46","5.00","1.14","1.89","1.91"
"7220","01-11-15 17:00","England","Premier League","2015/2016","Southampton","Bournemouth","1.59","4.35","6.50","1.05","11.00","1.23","4.20","1.87","2.08","3.04","1.38","5.50","1.12","1.84","1.96"
"7221","01-11-15 14:30","England","Premier League","2015/2016","Everton","Sunderland","1.50","4.75","7.40","1.05","12.00","1.21","4.40","1.79","2.19","2.83","1.43","5.20","1.13","1.86","1.94"
"7222","31-10-15 16:00","England","Premier League","2015/2016","Crystal Palace","Manchester Utd","4.55","3.60","1.94","1.04","8.40","1.34","3.25","2.23","1.77","3.85","1.26","7.70","1.06","1.93","1.87"
"7223","31-10-15 16:00","England","Premier League","2015/2016","Manchester City","Norwich","1.28","6.60","12.50","1.01","20.00","1.09","6.30","1.43","2.83","2.18","1.80","3.60","1.28","1.90","1.90"
"7224","31-10-15 16:00","England","Premier League","2015/2016","Newcastle","Stoke","2.49","3.45","3.13","1.04","9.00","1.30","3.50","2.09","1.86","3.50","1.30","6.80","1.08","1.74","2.09"
"7225","31-10-15 16:00","England","Premier League","2015/2016","Swansea","Arsenal","4.90","4.05","1.78","1.02","14.00","1.20","4.55","1.75","2.25","2.72","1.46","4.85","1.15","1.63","2.28"
"7226","31-10-15 16:00","England","Premier League","2015/2016","Watford","West Ham","2.61","3.50","2.91","1.03","9.10","1.30","3.50","2.07","1.88","3.45","1.31","6.70","1.08","1.74","2.09"
"7227","31-10-15 16:00","England","Premier League","2015/2016","West Brom","Leicester","2.92","3.45","2.63","1.04","9.00","1.30","3.50","2.08","1.87","3.50","1.30","6.70","1.08","1.74","2.09"
"7228","31-10-15 13:45","England","Premier League","2015/2016","Chelsea","Liverpool","2.09","3.50","4.05","1.04","9.00","1.30","3.50","2.09","1.86","3.50","1.30","6.80","1.08","1.79","2.02"
"7229","25-10-15 17:15","England","Premier League","2015/2016","Liverpool","Southampton","2.17","3.50","3.80","1.04","9.00","1.32","3.35","2.15","1.82","3.65","1.28","7.00","1.08","1.81","2.00"
"7230","25-10-15 15:05","England","Premier League","2015/2016","Bournemouth","Tottenham","3.60","3.50","2.23","1.04","13.50","1.26","3.85","1.96","1.98","3.20","1.35","6.00","1.10","1.67","2.21"
"7231","25-10-15 15:05","England","Premier League","2015/2016","Manchester Utd","Manchester City","2.72","3.25","2.96","1.02","10.50","1.28","3.65","2.05","1.90","3.35","1.32","6.30","1.09","1.65","2.24"
"7232","25-10-15 13:00","England","Premier League","2015/2016","Sunderland","Newcastle","2.71","3.30","2.93","1.03","9.50","1.30","3.50","2.09","1.86","3.50","1.30","6.70","1.08","1.71","2.14"
"7233","24-10-15 18:30","England","Premier League","2015/2016","Arsenal","Everton","1.42","5.40","8.10","1.01","19.00","1.12","6.10","1.52","2.80","2.20","1.67","3.70","1.24","1.69","2.17"
"7234","24-10-15 16:00","England","Premier League","2015/2016","Aston Villa","Swansea","3.05","3.35","2.57","1.05","8.10","1.36","3.12","2.30","1.72","4.05","1.24","8.20","1.05","1.90","1.90"
"7235","24-10-15 16:00","England","Premier League","2015/2016","Leicester","Crystal Palace","2.14","3.60","3.70","1.02","13.50","1.20","4.55","1.78","2.21","2.75","1.45","5.00","1.14","1.55","2.45"
"7236","24-10-15 16:00","England","Premier League","2015/2016","Norwich","West Brom","1.99","3.65","4.20","1.03","9.10","1.29","3.60","2.06","1.89","3.45","1.31","6.70","1.08","1.79","2.02"
"7237","24-10-15 16:00","England","Premier League","2015/2016","Stoke","Watford","2.10","3.40","4.15","1.04","8.40","1.33","3.30","2.20","1.79","3.75","1.27","7.20","1.07","1.95","1.85"
"7238","24-10-15 16:00","England","Premier League","2015/2016","West Ham","Chelsea","4.15","3.80","1.96","1.05","12.00","1.22","4.25","1.84","2.12","2.91","1.41","5.40","1.12","1.68","2.19"
"7239","19-10-15 21:00","England","Premier League","2015/2016","Swansea","Stoke","1.90","3.70","4.60","1.06","10.00","1.22","4.25","1.93","2.01","3.12","1.36","5.70","1.11","1.73","2.11"
"7240","18-10-15 17:00","England","Premier League","2015/2016","Newcastle","Norwich","2.43","3.55","3.12","1.06","9.50","1.24","4.05","1.91","2.04","3.04","1.38","5.50","1.12","1.63","2.28"
"7241","17-10-15 18:30","England","Premier League","2015/2016","Watford","Arsenal","6.80","4.65","1.53","1.04","13.00","1.18","4.85","1.70","2.34","2.62","1.49","4.70","1.16","1.76","2.06"
"7242","17-10-15 16:00","England","Premier League","2015/2016","Chelsea","Aston Villa","1.37","5.80","9.00","1.03","15.00","1.17","5.10","1.63","2.49","2.48","1.54","4.40","1.18","1.98","1.83"
"7243","17-10-15 16:00","England","Premier League","2015/2016","Crystal Palace","West Ham","1.96","3.75","4.20","1.05","11.00","1.24","4.05","1.90","2.05","3.04","1.38","5.70","1.11","1.69","2.17"
"7244","17-10-15 16:00","England","Premier League","2015/2016","Everton","Manchester Utd","3.15","3.50","2.43","1.04","9.10","1.26","3.85","1.97","1.97","3.20","1.35","6.00","1.10","1.53","2.50"
"7245","17-10-15 16:00","England","Premier League","2015/2016","Manchester City","Bournemouth","1.35","5.60","10.50","1.03","15.00","1.15","5.40","1.61","2.54","2.48","1.54","4.40","1.18","1.82","1.99"
"7246","17-10-15 16:00","England","Premier League","2015/2016","Southampton","Leicester","1.80","3.90","5.00","1.04","13.00","1.18","4.85","1.73","2.29","2.65","1.48","4.70","1.16","1.69","2.17"
"7247","17-10-15 16:00","England","Premier League","2015/2016","West Brom","Sunderland","2.15","3.35","4.00","1.05","8.10","1.36","3.15","2.30","1.72","4.05","1.24","8.20","1.05","2.08","1.75"
"7248","17-10-15 13:45","England","Premier League","2015/2016","Tottenham","Liverpool","2.43","3.50","3.15","1.06","10.00","1.21","4.40","1.89","2.06","2.72","1.46","5.50","1.12","1.60","2.34"
"7249","04-10-15 17:00","England","Premier League","2015/2016","Arsenal","Manchester Utd","2.11","3.85","3.55","1.04","13.00","1.20","4.55","1.75","2.25","2.72","1.46","4.80","1.15","1.58","2.38"
"7250","04-10-15 17:00","England","Premier League","2015/2016","Swansea","Tottenham","2.86","3.40","2.70","1.04","9.00","1.30","3.50","2.08","1.87","3.45","1.31","6.70","1.08","1.73","2.11"
"7251","04-10-15 14:30","England","Premier League","2015/2016","Everton","Liverpool","2.97","3.45","2.58","1.05","12.00","1.22","4.30","1.82","2.15","2.83","1.43","5.20","1.13","1.55","2.45"
"7252","03-10-15 18:30","England","Premier League","2015/2016","Chelsea","Southampton","1.73","4.00","5.40","1.05","11.00","1.22","4.25","1.86","2.10","2.95","1.40","5.50","1.12","1.72","2.12"
"7253","03-10-15 16:00","England","Premier League","2015/2016","Aston Villa","Stoke","2.64","3.30","3.01","1.04","8.40","1.33","3.30","2.21","1.78","3.75","1.27","7.20","1.07","1.78","2.04"
"7254","03-10-15 16:00","England","Premier League","2015/2016","Bournemouth","Watford","2.23","3.40","3.70","1.03","9.50","1.27","3.75","2.00","1.94","3.25","1.34","6.20","1.10","1.68","2.19"
"7255","03-10-15 16:00","England","Premier League","2015/2016","Manchester City","Newcastle","1.24","7.40","14.00","1.01","23.00","1.07","7.30","1.35","3.20","1.97","1.97","3.20","1.35","1.84","1.96"
"7256","03-10-15 16:00","England","Premier League","2015/2016","Norwich","Leicester","2.33","3.50","3.35","1.04","13.00","1.20","4.55","1.78","2.21","2.75","1.45","4.85","1.15","1.60","2.34"
"7257","03-10-15 16:00","England","Premier League","2015/2016","Sunderland","West Ham","3.25","3.55","2.36","1.05","11.00","1.24","4.05","1.91","2.04","3.04","1.38","5.70","1.11","1.63","2.28"
"7258","03-10-15 13:45","England","Premier League","2015/2016","Crystal Palace","West Brom","1.86","3.70","4.85","1.04","8.80","1.31","3.45","2.12","1.84","3.60","1.29","7.00","1.08","2.00","1.81"
"7259","28-09-15 21:00","England","Premier League","2015/2016","West Brom","Everton","2.99","3.35","2.62","1.04","8.40","1.33","3.30","2.21","1.78","3.75","1.27","7.20","1.07","1.81","2.00"
"7260","27-09-15 17:00","England","Premier League","2015/2016","Watford","Crystal Palace","2.64","3.40","2.93","1.04","8.80","1.31","3.45","2.14","1.83","3.60","1.28","7.00","1.08","1.76","2.06"
"7261","26-09-15 18:30","England","Premier League","2015/2016","Newcastle","Chelsea","6.00","4.35","1.62","1.04","13.00","1.20","4.55","1.75","2.25","2.72","1.46","4.85","1.15","1.71","2.14"
"7262","26-09-15 16:00","England","Premier League","2015/2016","Leicester","Arsenal","4.80","4.05","1.79","1.03","15.00","1.18","4.85","1.70","2.34","2.59","1.50","4.60","1.17","1.59","2.36"
"7263","26-09-15 16:00","England","Premier League","2015/2016","Liverpool","Aston Villa","1.55","4.30","7.40","1.03","9.80","1.25","3.95","1.95","1.99","3.20","1.35","6.00","1.10","1.93","1.87"
"7264","26-09-15 16:00","England","Premier League","2015/2016","Manchester Utd","Sunderland","1.23","7.60","14.00","1.01","17.00","1.15","5.50","1.58","2.61","2.38","1.58","4.15","1.20","2.24","1.65"
"7265","26-09-15 16:00","England","Premier League","2015/2016","Southampton","Swansea","1.85","3.70","4.90","1.04","8.40","1.33","3.30","2.19","1.79","3.75","1.27","7.40","1.07","1.93","1.87"
"7266","26-09-15 16:00","England","Premier League","2015/2016","Stoke","Bournemouth","2.44","3.50","3.13","1.03","9.10","1.30","3.50","2.07","1.88","3.45","1.31","6.70","1.08","1.75","2.08"
"7267","26-09-15 16:00","England","Premier League","2015/2016","West Ham","Norwich","2.22","3.55","3.55","1.01","11.50","1.25","3.95","1.94","2.00","3.15","1.36","5.70","1.11","1.67","2.21"
"7268","26-09-15 13:45","England","Premier League","2015/2016","Tottenham","Manchester City","3.75","3.65","2.12","1.04","13.00","1.20","4.55","1.77","2.22","2.75","1.45","4.85","1.15","1.56","2.43"
"7269","20-09-15 17:00","England","Premier League","2015/2016","Liverpool","Norwich","1.61","4.25","6.30","1.05","11.00","1.23","4.20","1.86","2.09","3.00","1.39","5.50","1.12","1.80","2.01"
"7270","20-09-15 17:00","England","Premier League","2015/2016","Southampton","Manchester Utd","3.50","3.40","2.32","1.05","8.10","1.35","3.20","2.27","1.74","3.95","1.25","7.90","1.05","1.86","1.94"
"7271","20-09-15 14:30","England","Premier League","2015/2016","Tottenham","Crystal Palace","1.99","3.75","4.10","1.05","11.00","1.22","4.30","1.83","2.13","2.91","1.41","5.30","1.13","1.62","2.30"
"7272","19-09-15 18:30","England","Premier League","2015/2016","Manchester City","West Ham","1.31","6.60","9.90","1.01","21.00","1.11","5.70","1.45","2.75","2.25","1.75","3.75","1.27","1.92","1.88"
"7273","19-09-15 16:00","England","Premier League","2015/2016","Aston Villa","West Brom","2.40","3.25","3.45","1.07","7.10","1.43","2.83","2.54","1.61","4.55","1.20","9.50","1.03","2.01","1.80"
"7274","19-09-15 16:00","England","Premier League","2015/2016","Bournemouth","Sunderland","1.62","4.65","5.50","1.02","13.50","1.18","4.85","1.67","2.41","2.53","1.52","4.40","1.18","1.67","2.20"
"7275","19-09-15 16:00","England","Premier League","2015/2016","Newcastle","Watford","2.27","3.50","3.50","1.04","8.80","1.31","3.45","2.11","1.85","3.60","1.29","6.80","1.08","1.77","2.05"
"7276","19-09-15 16:00","England","Premier League","2015/2016","Stoke","Leicester","2.90","3.40","2.66","1.04","8.80","1.29","3.60","2.07","1.88","3.45","1.31","6.70","1.08","1.73","2.11"
"7277","19-09-15 16:00","England","Premier League","2015/2016","Swansea","Everton","2.28","3.50","3.45","1.03","9.10","1.28","3.60","2.05","1.90","3.35","1.32","6.30","1.09","1.73","2.11"
"7278","19-09-15 13:45","England","Premier League","2015/2016","Chelsea","Arsenal","2.51","3.60","2.96","1.05","11.00","1.21","4.40","1.78","2.21","2.75","1.45","5.00","1.14","1.56","2.43"
"7279","14-09-15 21:00","England","Premier League","2015/2016","West Ham","Newcastle","2.09","3.60","3.90","1.03","9.80","1.25","3.95","1.94","2.00","3.25","1.34","5.70","1.11","1.66","2.22"
"7280","13-09-15 17:00","England","Premier League","2015/2016","Leicester","Aston Villa","1.88","3.95","4.40","1.03","9.80","1.26","3.85","1.94","2.00","3.20","1.35","6.00","1.10","1.77","2.05"
"7281","13-09-15 14:30","England","Premier League","2015/2016","Sunderland","Tottenham","4.45","3.60","1.96","1.03","9.50","1.27","3.75","1.99","1.95","3.25","1.34","6.20","1.10","1.73","2.11"
"7282","12-09-15 18:30","England","Premier League","2015/2016","Manchester Utd","Liverpool","1.94","3.50","4.70","1.04","8.80","1.31","3.45","2.19","1.79","3.75","1.27","7.40","1.07","1.81","2.00"
"7283","12-09-15 16:00","England","Premier League","2015/2016","Arsenal","Stoke","1.31","6.30","11.00","1.02","17.00","1.11","6.60","1.50","2.88","2.11","1.73","3.55","1.26","2.08","1.75"
"7284","12-09-15 16:00","England","Premier League","2015/2016","Crystal Palace","Manchester City","5.10","3.90","1.78","1.04","13.00","1.16","5.30","1.67","2.40","2.48","1.54","4.40","1.18","1.55","2.45"
"7285","12-09-15 16:00","England","Premier League","2015/2016","Norwich","Bournemouth","2.42","3.50","3.17","1.03","9.50","1.27","3.75","1.99","1.95","3.25","1.34","6.10","1.10","1.74","2.10"
"7286","12-09-15 16:00","England","Premier League","2015/2016","Watford","Swansea","2.73","3.35","2.85","1.04","8.40","1.34","3.25","2.22","1.77","3.85","1.26","7.70","1.06","1.82","1.99"
"7287","12-09-15 16:00","England","Premier League","2015/2016","West Brom","Southampton","3.25","3.35","2.45","1.05","7.80","1.39","3.00","2.38","1.68","4.25","1.22","8.50","1.04","1.91","1.89"
"7288","12-09-15 13:45","England","Premier League","2015/2016","Everton","Chelsea","3.70","3.60","2.15","1.05","11.00","1.23","4.20","1.85","2.11","2.91","1.41","5.30","1.13","1.60","2.34"
"7289","30-08-15 17:00","England","Premier League","2015/2016","Swansea","Manchester Utd","3.95","3.50","2.11","1.05","7.80","1.30","3.50","2.11","1.85","3.50","1.30","6.80","1.08","1.78","2.04"
"7290","30-08-15 14:30","England","Premier League","2015/2016","Southampton","Norwich","2.12","3.45","3.95","1.04","8.40","1.31","3.45","2.13","1.83","3.60","1.29","7.00","1.08","1.79","2.02"
"7291","29-08-15 18:30","England","Premier League","2015/2016","Tottenham","Everton","2.08","3.60","3.90","1.05","11.00","1.24","4.05","1.89","2.06","3.00","1.39","5.50","1.12","1.69","2.18"
"7292","29-08-15 16:00","England","Premier League","2015/2016","Aston Villa","Sunderland","2.14","3.35","4.05","1.04","8.40","1.34","3.25","2.24","1.76","3.85","1.26","7.70","1.06","1.85","1.95"
"7293","29-08-15 16:00","England","Premier League","2015/2016","Bournemouth","Leicester","2.09","3.80","3.70","1.04","13.00","1.19","4.70","1.72","2.30","2.62","1.49","4.70","1.16","1.58","2.38"
"7294","29-08-15 16:00","England","Premier League","2015/2016","Chelsea","Crystal Palace","1.38","5.30","10.00","1.03","15.00","1.17","5.10","1.69","2.36","2.62","1.49","4.70","1.16","1.87","1.93"
"7295","29-08-15 16:00","England","Premier League","2015/2016","Liverpool","West Ham","1.41","5.20","8.90","1.03","15.00","1.19","4.70","1.65","2.45","2.51","1.53","4.00","1.21","1.95","1.85"
"7296","29-08-15 16:00","England","Premier League","2015/2016","Manchester City","Watford","1.24","7.50","13.50","1.01","23.00","1.10","6.00","1.39","3.00","2.07","1.88","3.30","1.33","1.83","1.98"
"7297","29-08-15 16:00","England","Premier League","2015/2016","Stoke","West Brom","2.11","3.30","4.20","1.05","7.80","1.37","3.10","2.34","1.70","4.20","1.23","8.20","1.05","1.93","1.87"
"7298","29-08-15 13:45","England","Premier League","2015/2016","Newcastle","Arsenal","6.00","4.60","1.59","1.03","15.00","1.21","4.40","1.69","2.36","2.65","1.48","4.55","1.17","1.67","2.21"
"7299","24-08-15 21:00","England","Premier League","2015/2016","Arsenal","Liverpool","1.79","4.20","4.60","1.04","13.00","1.23","4.20","1.76","2.25","2.79","1.44","4.80","1.15","1.61","2.32"
"7300","23-08-15 17:00","England","Premier League","2015/2016","Everton","Manchester City","5.40","4.30","1.68","1.02","14.50","1.17","5.10","1.63","2.50","2.38","1.58","3.90","1.22","1.62","2.30"
"7301","23-08-15 17:00","England","Premier League","2015/2016","Watford","Southampton","2.73","3.40","2.82","1.04","8.40","1.33","3.30","2.08","1.87","3.50","1.30","6.30","1.09","1.83","1.98"
"7302","23-08-15 14:30","England","Premier League","2015/2016","West Brom","Chelsea","7.10","4.40","1.55","1.05","8.30","1.28","3.65","1.93","2.01","3.20","1.35","5.50","1.12","1.95","1.85"
"7303","22-08-15 16:00","England","Premier League","2015/2016","Crystal Palace","Aston Villa","1.83","3.80","4.90","1.05","8.10","1.34","3.25","2.12","1.84","3.65","1.28","6.70","1.08","1.95","1.85"
"7304","22-08-15 16:00","England","Premier League","2015/2016","Leicester","Tottenham","2.62","3.60","2.81","1.05","11.00","1.26","3.85","1.89","2.06","3.10","1.37","5.40","1.12","1.62","2.30"
"7305","22-08-15 16:00","England","Premier League","2015/2016","Norwich","Stoke","2.19","3.50","3.70","1.04","8.80","1.32","3.35","2.16","1.81","3.65","1.28","7.20","1.07","1.82","1.99"
"7306","22-08-15 16:00","England","Premier League","2015/2016","Sunderland","Swansea","4.05","3.45","2.09","1.04","8.40","1.32","3.35","2.18","1.80","3.75","1.27","7.20","1.07","1.83","1.97"
"7307","22-08-15 16:00","England","Premier League","2015/2016","West Ham","Bournemouth","2.55","3.55","2.94","1.03","9.10","1.29","3.60","2.05","1.90","3.45","1.31","6.30","1.09","1.74","2.09"
"7308","22-08-15 13:45","England","Premier League","2015/2016","Manchester Utd","Newcastle","1.36","5.60","10.00","1.03","15.00","1.21","4.40","1.70","2.34","2.65","1.48","4.55","1.17","1.93","1.87"
"7309","17-08-15 21:00","England","Premier League","2015/2016","Liverpool","Bournemouth","1.51","4.65","7.30","1.05","11.00","1.22","4.25","1.84","2.12","2.95","1.40","5.50","1.12","1.88","1.92"
"7310","16-08-15 17:00","England","Premier League","2015/2016","Manchester City","Chelsea","2.06","3.55","4.05","1.03","9.50","1.26","3.85","1.98","1.96","3.25","1.34","6.10","1.10","1.71","2.14"
"7311","16-08-15 14:30","England","Premier League","2015/2016","Crystal Palace","Arsenal","5.20","4.20","1.72","1.04","13.00","1.20","4.55","1.76","2.24","2.75","1.45","4.85","1.15","1.68","2.19"
"7312","15-08-15 16:00","England","Premier League","2015/2016","Sunderland","Norwich","2.85","3.35","2.73","1.05","7.80","1.36","3.12","2.20","1.79","3.95","1.25","7.10","1.07","1.80","2.01"
"7313","15-08-15 16:00","England","Premier League","2015/2016","Swansea","Newcastle","1.86","3.85","4.65","1.03","12.00","1.24","4.05","1.89","2.06","3.04","1.38","5.70","1.11","1.71","2.14"
"7314","15-08-15 16:00","England","Premier League","2015/2016","Tottenham","Stoke","1.69","4.05","5.70","1.04","11.50","1.24","4.05","1.89","2.06","3.04","1.38","5.70","1.11","1.77","2.05"
"7315","15-08-15 16:00","England","Premier League","2015/2016","Watford","West Brom","2.11","3.60","3.80","1.05","9.60","1.33","3.30","2.10","1.86","3.50","1.30","6.30","1.09","1.78","2.04"
"7316","15-08-15 16:00","England","Premier League","2015/2016","West Ham","Leicester","2.44","3.60","3.05","1.03","12.00","1.25","3.95","1.83","2.13","3.00","1.39","5.20","1.13","1.58","2.38"
"7317","15-08-15 13:45","England","Premier League","2015/2016","Southampton","Everton","2.05","3.55","4.10","1.04","8.80","1.30","3.50","2.11","1.85","3.60","1.29","6.80","1.08","1.78","2.04"
"7318","14-08-15 20:45","England","Premier League","2015/2016","Aston Villa","Manchester Utd","5.40","3.75","1.78","1.06","8.00","1.37","3.10","2.22","1.77","4.05","1.24","7.10","1.07","1.99","1.82"
"7319","10-08-15 21:00","England","Premier League","2015/2016","West Brom","Manchester City","5.70","4.05","1.69","1.05","10.50","1.25","3.95","1.82","2.15","2.91","1.41","5.00","1.14","1.74","2.09"
"7320","09-08-15 17:00","England","Premier League","2015/2016","Stoke","Liverpool","3.90","3.50","2.12","1.04","8.40","1.33","3.30","2.10","1.86","3.50","1.30","6.30","1.09","1.79","2.02"
"7321","09-08-15 14:30","England","Premier League","2015/2016","Arsenal","West Ham","1.25","7.10","14.00","1.01","19.00","1.16","5.30","1.56","2.67","2.34","1.60","3.90","1.22","2.01","1.80"
"7322","09-08-15 14:30","England","Premier League","2015/2016","Newcastle","Southampton","3.14","3.25","2.57","1.05","7.80","1.37","3.10","2.24","1.76","4.05","1.24","7.10","1.07","1.83","1.98"
"7323","08-08-15 18:30","England","Premier League","2015/2016","Chelsea","Swansea","1.38","4.95","11.50","1.04","13.00","1.27","3.75","1.91","2.04","3.12","1.36","5.40","1.12","2.01","1.80"
"7324","08-08-15 16:00","England","Premier League","2015/2016","Bournemouth","Aston Villa","1.87","3.95","4.45","1.04","8.80","1.31","3.45","1.99","1.95","3.30","1.33","6.00","1.10","1.75","2.08"
"7325","08-08-15 16:00","England","Premier League","2015/2016","Everton","Watford","1.82","3.60","5.40","1.05","11.00","1.29","3.60","1.96","1.98","3.25","1.34","5.50","1.12","1.84","1.96"
"7326","08-08-15 16:00","England","Premier League","2015/2016","Leicester","Sunderland","1.84","3.85","4.75","1.05","7.80","1.37","3.10","2.23","1.77","4.05","1.24","7.10","1.07","1.95","1.85"
"7327","08-08-15 16:00","England","Premier League","2015/2016","Norwich","Crystal Palace","2.52","3.35","3.14","1.05","7.80","1.36","3.12","2.20","1.79","3.95","1.25","7.10","1.07","1.86","1.94"
"7328","08-08-15 13:45","England","Premier League","2015/2016","Manchester Utd","Tottenham","1.65","4.15","6.00","1.04","13.00","1.25","3.95","1.81","2.16","2.91","1.41","5.00","1.14","1.65","2.24"