"id","matchDate","Country","League","Season","homeTeam","awayTeam","HBPFT","ABPFT","HBP1H","ABP1H","HBP2H","ABP2H","HTSFT","ATSFT","HTS1H","ATS1H","HTS2H","ATS2H","HSONFT","ASONFT","HSON1H","ASON1H","HSON2H","ASON2H","HSOFFFT","ASOFFFT","HSOFF1H","ASOFF1H","HSOFF2H","ASOFF2H"
"14540","25-05-25 17:00","England","Premier League","2024/2025","Bournemouth","Leicester","63","37","64","36","62","38","20","3","8","2","12","1","7","0","3","0","4","0","7","3","3","2","4","1"
"14541","25-05-25 17:00","England","Premier League","2024/2025","Fulham","Manchester City","47","53","35","65","58","42","13","20","6","12","7","8","3","5","2","3","1","2","6","7","2","4","4","3"
"14542","25-05-25 17:00","England","Premier League","2024/2025","Ipswich","West Ham","41","59","39","61","43","57","14","10","6","7","8","3","4","6","2","3","2","3","5","1","2","1","3","0"
"14543","25-05-25 17:00","England","Premier League","2024/2025","Liverpool","Crystal Palace","69","31","74","26","64","36","14","8","4","3","10","5","3","5","1","1","2","4","7","2","3","1","4","1"
"14544","25-05-25 17:00","England","Premier League","2024/2025","Manchester Utd","Aston Villa","67","33","66","34","68","32","24","6","9","1","15","5","10","1","5","0","5","1","13","2","3","0","10","2"
"14545","25-05-25 17:00","England","Premier League","2024/2025","Newcastle","Everton","66","34","63","37","69","31","17","14","8","6","9","8","6","6","4","3","2","3","7","6","2","2","5","4"
"14546","25-05-25 17:00","England","Premier League","2024/2025","Nottingham","Chelsea","52","48","46","54","57","43","10","6","2","2","8","4","2","2","0","0","2","2","4","2","2","1","2","1"
"14547","25-05-25 17:00","England","Premier League","2024/2025","Southampton","Arsenal","39","61","41","59","37","63","7","23","4","9","3","14","2","8","0","4","2","4","2","5","2","3","0","2"
"14548","25-05-25 17:00","England","Premier League","2024/2025","Tottenham","Brighton","32","68","37","63","27","73","4","24","3","9","1","15","2","9","2","1","0","8","1","7","0","4","1","3"
"14549","25-05-25 17:00","England","Premier League","2024/2025","Wolves","Brentford","48","52","58","42","38","62","18","13","10","7","8","6","6","7","4","5","2","2","8","5","5","2","3","3"
"14550","20-05-25 21:00","England","Premier League","2024/2025","Crystal Palace","Wolves","32","68","34","66","30","70","14","12","7","3","7","9","10","3","5","1","5","2","4","3","2","1","2","2"
"14551","20-05-25 21:00","England","Premier League","2024/2025","Manchester City","Bournemouth","58","42","63","37","53","47","12","8","7","5","5","3","5","2","4","1","1","1","5","4","3","2","2","2"
"14552","19-05-25 21:00","England","Premier League","2024/2025","Brighton","Liverpool","49","51","52","48","46","54","25","18","11","7","14","11","12","5","4","3","8","2","9","6","5","2","4","4"
"14553","18-05-25 17:30","England","Premier League","2024/2025","Arsenal","Newcastle","52","48","58","42","47","53","12","14","5","10","7","4","4","5","2","5","2","0","3","3","1","0","2","3"
"14554","18-05-25 16:00","England","Premier League","2024/2025","Brentford","Fulham","50","50","52","48","48","52","11","16","7","9","4","7","6","7","5","4","1","3","3","0","1","0","2","0"
"14555","18-05-25 16:00","England","Premier League","2024/2025","Leicester","Ipswich","51","49","46","54","56","44","9","20","4","8","5","12","3","2","1","0","2","2","4","9","2","6","2","3"
"14556","18-05-25 15:15","England","Premier League","2024/2025","West Ham","Nottingham","61","39","57","43","64","36","16","10","5","6","11","4","5","5","2","3","3","2","5","2","2","2","3","0"
"14557","18-05-25 13:00","England","Premier League","2024/2025","Everton","Southampton","50","50","57","43","43","57","13","6","8","0","5","6","5","2","4","0","1","2","5","3","3","0","2","3"
"14558","16-05-25 21:15","England","Premier League","2024/2025","Chelsea","Manchester Utd","47","53","46","54","48","52","11","4","7","1","4","3","3","1","1","0","2","1","4","3","3","1","1","2"
"14559","16-05-25 20:30","England","Premier League","2024/2025","Aston Villa","Tottenham","69","31","72","28","66","34","18","3","8","2","10","1","7","1","3","1","4","0","7","1","4","1","3","0"
"14560","11-05-25 17:30","England","Premier League","2024/2025","Liverpool","Arsenal","44","56","39","61","49","51","14","15","6","5","8","10","5","7","4","0","1","7","8","4","2","2","6","2"
"14561","11-05-25 15:15","England","Premier League","2024/2025","Manchester Utd","West Ham","52","48","47","53","57","43","20","9","5","5","15","4","5","4","1","1","4","3","11","3","4","3","7","0"
"14562","11-05-25 15:15","England","Premier League","2024/2025","Nottingham","Leicester","56","44","61","39","51","49","15","10","8","3","7","7","4","6","2","2","2","4","6","4","5","1","1","3"
"14563","11-05-25 15:15","England","Premier League","2024/2025","Tottenham","Crystal Palace","47","53","43","57","51","49","8","23","4","15","4","8","1","10","1","7","0","3","2","6","1","2","1","4"
"14564","11-05-25 13:00","England","Premier League","2024/2025","Newcastle","Chelsea","45","55","57","43","34","66","15","10","12","6","3","4","6","3","5","0","1","3","6","3","4","2","2","1"
"14565","10-05-25 18:30","England","Premier League","2024/2025","Bournemouth","Aston Villa","66","34","64","36","68","32","10","6","2","5","8","1","4","3","1","3","3","0","3","3","0","2","3","1"
"14566","10-05-25 16:00","England","Premier League","2024/2025","Fulham","Everton","64","36","59","41","69","31","18","11","10","5","8","6","6","7","4","3","2","4","8","1","3","1","5","0"
"14567","10-05-25 16:00","England","Premier League","2024/2025","Ipswich","Brentford","50","50","46","54","54","46","11","15","4","5","7","10","4","5","1","2","3","3","5","4","1","2","4","2"
"14568","10-05-25 16:00","England","Premier League","2024/2025","Southampton","Manchester City","28","72","27","73","29","71","2","26","1","8","1","18","0","5","0","1","0","4","0","8","0","3","0","5"
"14569","10-05-25 16:00","England","Premier League","2024/2025","Wolves","Brighton","56","44","60","40","52","48","10","7","8","3","2","4","3","2","2","1","1","1","5","4","4","2","1","2"
"14570","05-05-25 21:00","England","Premier League","2024/2025","Crystal Palace","Nottingham","49","51","44","56","54","46","20","12","9","6","11","6","3","4","1","1","2","3","11","2","4","2","7","0"
"14571","04-05-25 17:30","England","Premier League","2024/2025","Chelsea","Liverpool","35","65","34","66","36","64","17","11","7","4","10","7","7","2","1","1","6","1","6","5","3","1","3","4"
"14572","04-05-25 15:00","England","Premier League","2024/2025","Brentford","Manchester Utd","47","53","51","49","43","57","12","14","5","1","7","13","6","5","3","1","3","4","4","2","2","0","2","2"
"14573","04-05-25 15:00","England","Premier League","2024/2025","Brighton","Newcastle","46","54","45","55","47","53","5","13","2","4","3","9","2","5","1","2","1","3","2","4","0","1","2","3"
"14574","04-05-25 15:00","England","Premier League","2024/2025","West Ham","Tottenham","56","44","59","41","53","47","11","7","3","3","8","4","2","2","1","1","1","1","4","5","1","2","3","3"
"14575","03-05-25 18:30","England","Premier League","2024/2025","Arsenal","Bournemouth","51","49","50","50","52","48","13","9","6","4","7","5","4","2","2","0","2","2","5","5","3","3","2","2"
"14576","03-05-25 16:00","England","Premier League","2024/2025","Everton","Ipswich","57","43","57","43","57","43","8","12","6","8","2","4","3","5","3","3","0","2","4","4","2","3","2","1"
"14577","03-05-25 16:00","England","Premier League","2024/2025","Leicester","Southampton","49","51","44","56","54","46","14","8","8","4","6","4","4","2","3","1","1","1","4","1","2","0","2","1"
"14578","03-05-25 13:30","England","Premier League","2024/2025","Aston Villa","Fulham","52","48","53","47","51","49","10","11","3","4","7","7","3","3","1","1","2","2","5","5","2","2","3","3"
"26896","02-05-25 21:00","England","Premier League","2024/2025","Manchester City","Wolves","64","36","66","34","62","38","9","6","7","5","2","1","2","1","2","1","0","0","5","4","3","3","2","1"
"14580","01-05-25 20:30","England","Premier League","2024/2025","Nottingham","Brentford","55","45","50","50","60","40","14","11","4","6","10","5","5","3","1","2","4","1","4","5","0","3","4","2"
"14581","27-04-25 17:30","England","Premier League","2024/2025","Liverpool","Tottenham","63","37","56","44","70","30","25","8","9","4","16","4","8","3","3","2","5","1","8","3","5","1","3","2"
"14582","27-04-25 15:00","England","Premier League","2024/2025","Bournemouth","Manchester Utd","39","61","42","58","36","64","8","25","5","7","3","18","1","6","1","2","0","4","6","6","4","2","2","4"
"14583","26-04-25 16:00","England","Premier League","2024/2025","Brighton","West Ham","53","47","44","56","62","38","16","12","6","6","10","6","9","4","4","1","5","3","2","4","1","2","1","2"
"14584","26-04-25 16:00","England","Premier League","2024/2025","Newcastle","Ipswich","78","22","72","28","84","16","25","4","10","4","15","0","5","0","2","0","3","0","11","1","5","1","6","0"
"14585","26-04-25 16:00","England","Premier League","2024/2025","Southampton","Fulham","36","64","39","61","33","67","7","26","3","10","4","16","3","5","2","0","1","5","0","16","0","7","0","9"
"14586","26-04-25 16:00","England","Premier League","2024/2025","Wolves","Leicester","56","44","65","35","47","53","20","8","10","4","10","4","6","2","3","1","3","1","8","3","4","1","4","2"
"14587","26-04-25 13:30","England","Premier League","2024/2025","Chelsea","Everton","55","45","55","45","55","45","10","6","5","1","5","5","7","3","3","0","4","3","2","1","1","1","1","0"
"14588","23-04-25 21:00","England","Premier League","2024/2025","Arsenal","Crystal Palace","68","32","65","35","71","29","12","15","5","9","7","6","6","4","3","1","3","3","4","6","2","4","2","2"
"14589","22-04-25 21:00","England","Premier League","2024/2025","Manchester City","Aston Villa","62","38","61","39","63","37","14","7","5","5","9","2","6","3","3","2","3","1","6","3","2","2","4","1"
"14590","21-04-25 21:00","England","Premier League","2024/2025","Tottenham","Nottingham","70","30","67","33","73","27","22","4","10","3","12","1","6","3","2","3","4","0","12","1","5","0","7","1"
"14591","20-04-25 17:30","England","Premier League","2024/2025","Leicester","Liverpool","42","58","40","60","44","56","5","28","2","14","3","14","0","10","0","6","0","4","4","12","2","4","2","8"
"14592","20-04-25 15:00","England","Premier League","2024/2025","Fulham","Chelsea","40","60","41","59","39","61","6","13","2","4","4","9","1","8","1","2","0","6","2","3","0","1","2","2"
"14593","20-04-25 15:00","England","Premier League","2024/2025","Ipswich","Arsenal","25","75","23","77","27","73","4","24","1","11","3","13","0","7","0","2","0","5","2","8","0","6","2","2"
"14594","20-04-25 15:00","England","Premier League","2024/2025","Manchester Utd","Wolves","60","40","62","38","58","42","12","4","3","1","9","3","2","2","1","0","1","2","6","1","1","1","5","0"
"14595","19-04-25 18:30","England","Premier League","2024/2025","Aston Villa","Newcastle","49","51","51","49","47","53","23","10","10","7","13","3","9","3","2","2","7","1","10","4","5","3","5","1"
"14596","19-04-25 16:00","England","Premier League","2024/2025","Brentford","Brighton","46","54","42","58","50","50","16","12","4","7","12","5","8","3","3","2","5","1","5","6","1","3","4","3"
"14597","19-04-25 16:00","England","Premier League","2024/2025","Crystal Palace","Bournemouth","27","73","33","67","21","79","5","15","3","6","2","9","0","4","0","2","0","2","2","6","1","2","1","4"
"14598","19-04-25 16:00","England","Premier League","2024/2025","Everton","Manchester City","33","67","38","62","28","72","9","12","1","3","8","9","3","7","0","2","3","5","2","3","1","1","1","2"
"14599","19-04-25 16:00","England","Premier League","2024/2025","West Ham","Southampton","51","49","57","43","45","55","12","15","5","7","7","8","4","4","2","1","2","3","3","5","1","4","2","1"
"14600","16-04-25 20:30","England","Premier League","2024/2025","Newcastle","Crystal Palace","60","40","62","38","58","42","14","11","9","6","5","5","7","4","5","2","2","2","4","4","3","3","1","1"
"14601","14-04-25 21:00","England","Premier League","2024/2025","Bournemouth","Fulham","41","59","51","49","31","69","12","12","9","9","3","3","3","7","2","4","1","3","5","1","3","1","2","0"
"14602","13-04-25 17:30","England","Premier League","2024/2025","Newcastle","Manchester Utd","48","52","47","53","49","51","13","9","7","4","6","5","6","5","2","3","4","2","6","2","4","0","2","2"
"14603","13-04-25 15:00","England","Premier League","2024/2025","Chelsea","Ipswich","74","26","76","24","72","28","34","13","15","5","19","8","9","4","2","2","7","2","15","8","9","3","6","5"
"14604","13-04-25 15:00","England","Premier League","2024/2025","Liverpool","West Ham","55","45","68","32","42","58","15","12","9","6","6","6","6","5","4","2","2","3","4","6","2","4","2","2"
"14605","13-04-25 15:00","England","Premier League","2024/2025","Wolves","Tottenham","38","62","34","66","42","58","13","11","5","6","8","5","5","4","2","1","3","3","6","5","3","3","3","2"
"14606","12-04-25 18:30","England","Premier League","2024/2025","Arsenal","Brentford","64","36","60","40","68","32","14","3","8","2","6","1","3","2","2","1","1","1","5","1","2","1","3","0"
"14607","12-04-25 16:00","England","Premier League","2024/2025","Brighton","Leicester","59","41","67","33","52","48","21","15","14","6","7","9","7","6","3","2","4","4","9","6","8","2","1","4"
"14608","12-04-25 16:00","England","Premier League","2024/2025","Nottingham","Everton","42","58","43","57","41","59","10","13","5","6","5","7","5","5","3","3","2","2","2","4","1","1","1","3"
"14609","12-04-25 16:00","England","Premier League","2024/2025","Southampton","Aston Villa","40","60","36","64","44","56","7","25","3","12","4","13","2","10","1","3","1","7","4","9","1","5","3","4"
"14610","12-04-25 13:30","England","Premier League","2024/2025","Manchester City","Crystal Palace","68","32","69","31","67","33","21","7","12","4","9","3","9","3","5","2","4","1","7","4","5","2","2","2"
"14611","07-04-25 21:00","England","Premier League","2024/2025","Leicester","Newcastle","58","42","53","47","63","37","7","16","3","10","4","6","2","5","2","4","0","1","4","8","1","3","3","5"
"14612","06-04-25 17:30","England","Premier League","2024/2025","Manchester Utd","Manchester City","42","58","38","62","46","54","13","9","4","4","9","5","2","5","1","1","1","4","5","3","2","2","3","1"
"14613","06-04-25 15:00","England","Premier League","2024/2025","Brentford","Chelsea","41","59","42","58","40","60","9","21","6","4","3","17","2","5","1","1","1","4","5","9","3","2","2","7"
"14614","06-04-25 15:00","England","Premier League","2024/2025","Fulham","Liverpool","38","62","46","54","30","70","12","14","9","2","3","12","6","6","5","1","1","5","4","5","3","0","1","5"
"14615","06-04-25 15:00","England","Premier League","2024/2025","Tottenham","Southampton","51","49","58","42","44","56","13","12","8","6","5","6","8","4","6","1","2","3","2","2","0","2","2","0"
"14616","05-04-25 18:30","England","Premier League","2024/2025","Aston Villa","Nottingham","53","47","62","38","44","56","17","19","8","6","9","13","8","3","4","2","4","1","6","14","3","3","3","11"
"14617","05-04-25 16:00","England","Premier League","2024/2025","Crystal Palace","Brighton","38","62","46","54","30","70","8","11","4","6","4","5","3","5","2","3","1","2","1","3","0","1","1","2"
"14618","05-04-25 16:00","England","Premier League","2024/2025","Ipswich","Wolves","44","56","49","51","39","61","6","22","4","7","2","15","2","7","2","3","0","4","2","9","1","2","1","7"
"14619","05-04-25 16:00","England","Premier League","2024/2025","West Ham","Bournemouth","56","44","56","44","56","44","9","11","2","5","7","6","3","4","0","2","3","2","5","4","2","2","3","2"
"14620","05-04-25 13:30","England","Premier League","2024/2025","Everton","Arsenal","29","71","34","66","24","76","5","14","3","6","2","8","2","5","0","3","2","2","2","3","2","0","0","3"
"14621","03-04-25 21:00","England","Premier League","2024/2025","Chelsea","Tottenham","50","50","55","45","46","54","11","8","6","2","5","6","5","2","2","0","3","2","4","3","2","0","2","3"
"14622","02-04-25 21:00","England","Premier League","2024/2025","Liverpool","Everton","74","26","72","28","76","24","17","5","8","4","9","1","3","0","1","0","2","0","5","2","4","2","1","0"
"14623","02-04-25 20:45","England","Premier League","2024/2025","Bournemouth","Ipswich","64","36","61","39","67","33","24","10","11","6","13","4","7","2","3","1","4","1","10","6","4","3","6","3"
"14624","02-04-25 20:45","England","Premier League","2024/2025","Brighton","Aston Villa","55","45","53","47","57","43","11","8","4","4","7","4","4","5","2","1","2","4","5","3","2","3","3","0"
"14625","02-04-25 20:45","England","Premier League","2024/2025","Manchester City","Leicester","73","27","64","36","82","18","18","2","10","1","8","1","5","0","4","0","1","0","5","2","1","1","4","1"
"14626","02-04-25 20:45","England","Premier League","2024/2025","Newcastle","Brentford","48","52","54","46","42","58","21","12","10","4","11","8","4","3","2","0","2","3","9","3","5","1","4","2"
"14627","02-04-25 20:45","England","Premier League","2024/2025","Southampton","Crystal Palace","43","57","40","60","46","54","8","9","6","3","2","6","2","3","2","1","0","2","3","5","2","1","1","4"
"14628","01-04-25 21:00","England","Premier League","2024/2025","Nottingham","Manchester Utd","32","68","31","69","33","67","8","23","3","10","5","13","2","6","2","3","0","3","4","9","1","4","3","5"
"14629","01-04-25 20:45","England","Premier League","2024/2025","Arsenal","Fulham","52","48","55","45","49","51","17","9","7","2","10","7","4","3","2","0","2","3","6","4","1","0","5","4"
"14630","01-04-25 20:45","England","Premier League","2024/2025","Wolves","West Ham","41","59","53","47","29","71","9","10","6","4","3","6","2","1","2","1","0","0","6","7","3","2","3","5"
"14631","16-03-25 20:00","England","Premier League","2024/2025","Leicester","Manchester Utd","54","46","44","56","64","36","11","18","4","9","7","9","3","5","1","2","2","3","2","8","1","6","1","2"
"14632","16-03-25 14:30","England","Premier League","2024/2025","Arsenal","Chelsea","41","59","45","55","37","63","12","8","7","5","5","3","4","2","2","1","2","1","6","3","5","2","1","1"
"14633","16-03-25 14:30","England","Premier League","2024/2025","Fulham","Tottenham","57","43","60","40","54","46","13","12","6","1","7","11","4","4","1","0","3","4","3","4","0","1","3","3"
"14634","15-03-25 18:30","England","Premier League","2024/2025","Bournemouth","Brentford","59","41","58","42","60","40","17","10","10","5","7","5","5","4","2","2","3","2","7","5","4","2","3","3"
"14635","15-03-25 16:00","England","Premier League","2024/2025","Everton","West Ham","54","46","56","44","52","48","13","9","7","4","6","5","5","4","3","1","2","3","4","4","3","3","1","1"
"14636","15-03-25 16:00","England","Premier League","2024/2025","Ipswich","Nottingham","56","44","49","51","63","37","11","11","5","7","6","4","4","6","0","4","4","2","5","4","3","2","2","2"
"14637","15-03-25 16:00","England","Premier League","2024/2025","Manchester City","Brighton","60","40","55","45","65","35","11","15","6","8","5","7","3","3","3","2","0","1","7","10","3","5","4","5"
"14638","15-03-25 16:00","England","Premier League","2024/2025","Southampton","Wolves","60","40","58","42","62","38","10","5","4","3","6","2","3","3","0","2","3","1","3","2","1","1","2","1"
"14639","10-03-25 21:00","England","Premier League","2024/2025","West Ham","Newcastle","51","49","41","59","60","40","9","9","4","6","5","3","2","3","2","2","0","1","1","3","1","2","0","1"
"14640","09-03-25 17:30","England","Premier League","2024/2025","Manchester Utd","Arsenal","32","68","33","67","31","69","10","17","2","6","8","11","6","6","1","2","5","4","2","6","1","2","1","4"
"14641","09-03-25 15:00","England","Premier League","2024/2025","Chelsea","Leicester","57","43","69","31","45","55","20","3","10","1","10","2","7","3","4","1","3","2","5","0","4","0","1","0"
"14642","09-03-25 15:00","England","Premier League","2024/2025","Tottenham","Bournemouth","61","39","64","36","58","42","12","17","4","8","8","9","4","8","1","5","3","3","3","4","1","0","2","4"
"14643","08-03-25 21:00","England","Premier League","2024/2025","Wolves","Everton","66","34","61","39","71","29","11","12","7","6","4","6","3","4","2","2","1","2","5","1","3","0","2","1"
"14644","08-03-25 18:30","England","Premier League","2024/2025","Brentford","Aston Villa","60","40","51","49","69","31","13","12","2","8","11","4","3","4","1","2","2","2","4","2","0","1","4","1"
"14645","08-03-25 16:00","England","Premier League","2024/2025","Brighton","Fulham","53","47","53","47","53","47","9","6","4","4","5","2","4","1","3","1","1","0","3","2","0","1","3","1"
"14646","08-03-25 16:00","England","Premier League","2024/2025","Crystal Palace","Ipswich","55","45","55","45","55","45","19","15","8","4","11","11","4","8","2","2","2","6","6","4","3","1","3","3"
"14647","08-03-25 16:00","England","Premier League","2024/2025","Liverpool","Southampton","71","29","75","25","67","33","28","6","12","4","16","2","7","4","2","3","5","1","13","0","6","0","7","0"
"14648","08-03-25 13:30","England","Premier League","2024/2025","Nottingham","Manchester City","31","69","32","68","30","70","9","14","2","8","7","6","4","3","1","1","3","2","3","8","1","6","2","2"
"14649","27-02-25 21:00","England","Premier League","2024/2025","West Ham","Leicester","58","42","67","33","49","51","8","10","5","2","3","8","2","2","2","1","0","1","3","3","2","0","1","3"
"14650","26-02-25 21:15","England","Premier League","2024/2025","Liverpool","Newcastle","62","38","64","36","60","40","12","3","5","1","7","2","3","0","1","0","2","0","5","2","3","1","2","1"
"14651","26-02-25 20:30","England","Premier League","2024/2025","Brentford","Everton","52","48","51","49","53","47","12","14","8","5","4","9","3","4","3","1","0","3","6","8","4","4","2","4"
"14652","26-02-25 20:30","England","Premier League","2024/2025","Manchester Utd","Ipswich","44","56","61","39","27","73","10","12","7","4","3","8","6","3","5","2","1","1","1","4","1","2","0","2"
"14653","26-02-25 20:30","England","Premier League","2024/2025","Nottingham","Arsenal","35","65","36","64","34","66","6","13","2","7","4","6","2","1","1","0","1","1","1","3","0","1","1","2"
"14654","26-02-25 20:30","England","Premier League","2024/2025","Tottenham","Manchester City","55","45","50","50","60","40","10","12","2","7","8","5","6","5","2","4","4","1","2","2","0","1","2","1"
"14655","25-02-25 21:15","England","Premier League","2024/2025","Chelsea","Southampton","60","40","63","37","57","43","19","7","7","3","12","4","10","2","4","2","6","0","7","2","3","1","4","1"
"14656","25-02-25 20:30","England","Premier League","2024/2025","Brighton","Bournemouth","43","57","51","49","35","65","11","19","6","7","5","12","4","5","2","2","2","3","4","7","3","1","1","6"
"14657","25-02-25 20:30","England","Premier League","2024/2025","Crystal Palace","Aston Villa","36","64","36","64","36","64","19","6","7","1","12","5","6","2","3","0","3","2","8","3","3","1","5","2"
"14658","25-02-25 20:30","England","Premier League","2024/2025","Wolves","Fulham","60","40","52","48","67","33","18","11","10","5","8","6","5","5","3","3","2","2","7","3","5","1","2","2"
"14659","23-02-25 17:30","England","Premier League","2024/2025","Manchester City","Liverpool","66","34","68","32","64","36","16","8","8","3","8","5","5","4","3","2","2","2","3","2","1","0","2","2"
"14660","23-02-25 15:00","England","Premier League","2024/2025","Newcastle","Nottingham","57","43","70","30","45","55","13","17","10","5","3","12","5","5","5","3","0","2","3","5","2","0","1","5"
"14661","22-02-25 18:30","England","Premier League","2024/2025","Aston Villa","Chelsea","52","48","48","52","56","44","12","15","5","9","7","6","6","7","2","3","4","4","3","5","2","3","1","2"
"14662","22-02-25 16:00","England","Premier League","2024/2025","Arsenal","West Ham","68","32","64","36","72","28","20","5","9","4","11","1","2","2","1","1","1","1","8","3","3","3","5","0"
"14663","22-02-25 16:00","England","Premier League","2024/2025","Bournemouth","Wolves","45","55","52","48","38","62","8","13","7","7","1","6","3","5","3","3","0","2","2","5","2","3","0","2"
"14664","22-02-25 16:00","England","Premier League","2024/2025","Fulham","Crystal Palace","62","38","57","43","67","33","10","10","3","7","7","3","0","5","0","3","0","2","5","3","1","3","4","0"
"14665","22-02-25 16:00","England","Premier League","2024/2025","Ipswich","Tottenham","41","59","33","67","49","51","17","10","12","7","5","3","5","6","5","4","0","2","5","1","4","1","1","0"
"14666","22-02-25 16:00","England","Premier League","2024/2025","Southampton","Brighton","49","51","60","40","38","62","6","18","3","7","3","11","1","12","0","3","1","9","2","3","1","2","1","1"
"14667","22-02-25 13:30","England","Premier League","2024/2025","Everton","Manchester Utd","38","62","43","57","33","67","9","9","4","2","5","7","8","3","4","0","4","3","0","2","0","2","0","0"
"14668","21-02-25 21:00","England","Premier League","2024/2025","Leicester","Brentford","48","52","54","46","42","58","8","14","5","6","3","8","3","6","3","3","0","3","3","3","2","2","1","1"
"14669","19-02-25 20:30","England","Premier League","2024/2025","Aston Villa","Liverpool","52","48","54","46","50","50","9","17","3","10","6","7","4","3","2","1","2","2","3","10","1","6","2","4"
"14670","16-02-25 17:30","England","Premier League","2024/2025","Tottenham","Manchester Utd","57","43","67","33","47","53","22","16","5","8","17","8","7","6","3","2","4","4","6","6","1","5","5","1"
"14671","16-02-25 15:00","England","Premier League","2024/2025","Liverpool","Wolves","50","50","53","47","47","53","10","16","10","6","0","10","3","4","3","1","0","3","6","7","6","4","0","3"
"14672","15-02-25 18:30","England","Premier League","2024/2025","Crystal Palace","Everton","58","42","59","41","57","43","17","11","5","3","12","8","6","6","3","2","3","4","6","1","1","1","5","0"
"14673","15-02-25 16:00","England","Premier League","2024/2025","Aston Villa","Ipswich","75","25","67","33","84","16","25","4","8","3","17","1","6","3","1","2","5","1","10","0","3","0","7","0"
"14674","15-02-25 16:00","England","Premier League","2024/2025","Fulham","Nottingham","56","44","65","35","47","53","24","8","11","2","13","6","10","2","5","1","5","1","8","3","4","1","4","2"
"14675","15-02-25 16:00","England","Premier League","2024/2025","Manchester City","Newcastle","62","38","60","40","64","36","11","3","6","2","5","1","7","1","4","0","3","1","2","1","2","1","0","0"
"14676","15-02-25 16:00","England","Premier League","2024/2025","Southampton","Bournemouth","45","55","39","61","51","49","11","14","1","9","10","5","4","7","0","4","4","3","3","3","1","3","2","0"
"14677","15-02-25 16:00","England","Premier League","2024/2025","West Ham","Brentford","59","41","57","43","61","39","13","14","3","11","10","3","3","5","1","4","2","1","3","5","0","4","3","1"
"14678","15-02-25 13:30","England","Premier League","2024/2025","Leicester","Arsenal","39","61","37","63","41","59","6","11","3","4","3","7","2","5","1","1","1","4","2","3","1","2","1","1"
"14679","14-02-25 21:00","England","Premier League","2024/2025","Brighton","Chelsea","30","70","28","72","32","68","13","8","4","6","9","2","5","0","2","0","3","0","6","6","1","5","5","1"
"14680","12-02-25 20:30","England","Premier League","2024/2025","Everton","Liverpool","37","63","31","69","43","57","10","6","3","3","7","3","3","4","1","2","2","2","5","0","1","0","4","0"
"14681","03-02-25 21:00","England","Premier League","2024/2025","Chelsea","West Ham","67","33","63","37","71","29","23","14","12","4","11","10","4","5","2","3","2","2","9","6","6","1","3","5"
"14682","02-02-25 17:30","England","Premier League","2024/2025","Arsenal","Manchester City","46","54","39","61","53","47","12","7","4","6","8","1","7","4","2","3","5","1","2","3","1","3","1","0"
"14683","02-02-25 15:00","England","Premier League","2024/2025","Brentford","Tottenham","54","46","49","51","59","41","20","13","9","10","11","3","4","2","2","1","2","1","10","5","2","3","8","2"
"14684","02-02-25 15:00","England","Premier League","2024/2025","Manchester Utd","Crystal Palace","66","34","67","33","65","35","17","11","10","7","7","4","2","3","0","1","2","2","6","7","4","5","2","2"
"14685","01-02-25 18:30","England","Premier League","2024/2025","Wolves","Aston Villa","32","68","38","62","26","74","8","10","6","3","2","7","5","3","4","0","1","3","3","2","2","1","1","1"
"14686","01-02-25 16:00","England","Premier League","2024/2025","Bournemouth","Liverpool","49","51","49","51","49","51","14","19","5","11","9","8","3","7","2","6","1","1","8","5","1","2","7","3"
"14687","01-02-25 16:00","England","Premier League","2024/2025","Everton","Leicester","47","53","47","53","47","53","13","9","7","2","6","7","7","1","4","0","3","1","4","2","2","1","2","1"
"14688","01-02-25 16:00","England","Premier League","2024/2025","Ipswich","Southampton","57","43","48","52","66","34","15","9","9","4","6","5","6","4","4","2","2","2","5","1","2","0","3","1"
"14689","01-02-25 16:00","England","Premier League","2024/2025","Newcastle","Fulham","47","53","41","59","53","47","11","15","7","4","4","11","4","4","3","0","1","4","6","4","4","2","2","2"
"14690","01-02-25 13:30","England","Premier League","2024/2025","Nottingham","Brighton","37","63","40","60","34","66","14","10","7","6","7","4","9","5","4","3","5","2","4","3","3","1","1","2"
"14691","26-01-25 20:00","England","Premier League","2024/2025","Fulham","Manchester Utd","51","49","50","50","52","48","9","4","5","1","4","3","3","1","2","0","1","1","6","2","3","1","3","1"
"14692","26-01-25 17:30","England","Premier League","2024/2025","Aston Villa","West Ham","45","55","43","57","47","53","14","14","8","5","6","9","4","4","3","0","1","4","6","6","2","2","4","4"
"14693","26-01-25 15:00","England","Premier League","2024/2025","Crystal Palace","Brentford","47","53","42","58","52","48","16","13","5","6","11","7","5","6","2","2","3","4","7","6","2","3","5","3"
"14694","26-01-25 15:00","England","Premier League","2024/2025","Tottenham","Leicester","60","40","58","42","62","38","15","12","6","8","9","4","6","3","4","1","2","2","5","2","2","1","3","1"
"14695","25-01-25 18:30","England","Premier League","2024/2025","Manchester City","Chelsea","57","43","64","36","50","50","15","10","11","6","4","4","6","4","3","3","3","1","6","3","5","1","1","2"
"14696","25-01-25 16:00","England","Premier League","2024/2025","Bournemouth","Nottingham","50","50","54","46","46","54","17","18","5","7","12","11","11","4","3","1","8","3","3","9","1","5","2","4"
"14697","25-01-25 16:00","England","Premier League","2024/2025","Brighton","Everton","69","31","56","44","81","19","16","4","4","3","12","1","1","2","0","2","1","0","11","2","2","1","9","1"
"14698","25-01-25 16:00","England","Premier League","2024/2025","Liverpool","Ipswich","71","29","72","28","70","30","16","3","10","0","6","3","6","3","5","0","1","3","7","0","3","0","4","0"
"14699","25-01-25 16:00","England","Premier League","2024/2025","Southampton","Newcastle","52","48","52","48","52","48","12","17","4","7","8","10","5","9","2","5","3","4","3","4","2","1","1","3"
"14700","25-01-25 16:00","England","Premier League","2024/2025","Wolves","Arsenal","51","49","50","50","52","48","9","9","3","5","6","4","4","3","0","1","4","2","4","3","2","2","2","1"
"14701","20-01-25 21:00","England","Premier League","2024/2025","Chelsea","Wolves","63","37","64","36","62","38","19","9","11","5","8","4","7","4","3","1","4","3","6","2","4","2","2","0"
"14702","19-01-25 17:30","England","Premier League","2024/2025","Ipswich","Manchester City","32","68","37","63","27","73","8","17","5","9","3","8","4","9","2","5","2","4","1","3","0","2","1","1"
"14703","19-01-25 15:00","England","Premier League","2024/2025","Everton","Tottenham","36","64","37","63","35","65","13","11","9","4","4","7","7","6","7","2","0","4","4","2","1","1","3","1"
"14704","19-01-25 15:00","England","Premier League","2024/2025","Manchester Utd","Brighton","51","49","47","53","55","45","10","6","4","3","6","3","1","3","1","1","0","2","3","1","1","0","2","1"
"14705","19-01-25 15:00","England","Premier League","2024/2025","Nottingham","Southampton","45","55","46","54","44","56","14","10","7","4","7","6","5","4","3","0","2","4","7","2","3","1","4","1"
"14706","18-01-25 18:30","England","Premier League","2024/2025","Arsenal","Aston Villa","65","35","58","42","72","28","18","8","6","3","12","5","6","4","3","1","3","3","7","3","3","1","4","2"
"14707","18-01-25 16:00","England","Premier League","2024/2025","Brentford","Liverpool","39","61","41","59","37","63","11","37","5","19","6","18","6","8","2","5","4","3","4","14","2","6","2","8"
"14708","18-01-25 16:00","England","Premier League","2024/2025","Leicester","Fulham","38","62","35","65","41","59","8","17","4","9","4","8","4","2","2","0","2","2","3","9","2","4","1","5"
"14709","18-01-25 16:00","England","Premier League","2024/2025","West Ham","Crystal Palace","53","47","41","59","67","33","7","12","3","5","4","7","0","7","0","2","0","5","4","4","2","3","2","1"
"14710","18-01-25 13:30","England","Premier League","2024/2025","Newcastle","Bournemouth","55","45","53","47","57","43","13","19","6","8","7","11","5","10","2","4","3","6","3","6","1","3","2","3"
"14711","16-01-25 21:00","England","Premier League","2024/2025","Manchester Utd","Southampton","59","41","52","48","66","34","23","13","10","8","13","5","9","5","1","5","8","0","2","3","2","2","0","1"
"14712","16-01-25 20:30","England","Premier League","2024/2025","Ipswich","Brighton","47","53","40","60","54","46","5","11","4","4","1","7","3","5","3","2","0","3","2","0","1","0","1","0"
"14713","15-01-25 21:00","England","Premier League","2024/2025","Arsenal","Tottenham","53","47","64","36","43","57","14","10","4","2","10","8","4","2","1","2","3","0","4","4","0","0","4","4"
"14714","15-01-25 20:30","England","Premier League","2024/2025","Everton","Aston Villa","50","50","42","58","58","42","10","11","5","9","5","2","3","3","2","2","1","1","6","4","3","3","3","1"
"14715","15-01-25 20:30","England","Premier League","2024/2025","Leicester","Crystal Palace","57","43","62","38","51","49","21","9","11","4","10","5","4","4","3","0","1","4","11","3","4","3","7","0"
"14716","15-01-25 20:30","England","Premier League","2024/2025","Newcastle","Wolves","60","40","65","35","55","45","18","13","10","3","8","10","6","7","4","1","2","6","5","4","2","2","3","2"
"14717","14-01-25 21:00","England","Premier League","2024/2025","Nottingham","Liverpool","29","71","29","71","29","71","6","23","3","9","3","14","3","7","2","0","1","7","1","10","1","7","0","3"
"14718","14-01-25 20:30","England","Premier League","2024/2025","Brentford","Manchester City","44","56","38","62","50","50","18","21","4","8","14","13","6","8","1","2","5","6","9","11","2","4","7","7"
"14719","14-01-25 20:30","England","Premier League","2024/2025","Chelsea","Bournemouth","57","43","52","48","61","39","26","7","13","1","13","6","10","3","5","0","5","3","7","3","4","1","3","2"
"14720","14-01-25 20:30","England","Premier League","2024/2025","West Ham","Fulham","44","56","46","54","42","58","4","21","2","8","2","13","3","5","2","0","1","5","1","11","0","6","1","5"
"14721","06-01-25 21:00","England","Premier League","2024/2025","Wolves","Nottingham","60","40","54","46","66","34","13","11","8","5","5","6","6","3","5","2","1","1","2","6","1","2","1","4"
"14722","05-01-25 17:30","England","Premier League","2024/2025","Liverpool","Manchester Utd","52","48","55","45","49","51","19","13","8","6","11","7","6","4","1","1","5","3","8","1","5","0","3","1"
"14723","05-01-25 15:00","England","Premier League","2024/2025","Fulham","Ipswich","73","27","72","28","74","26","15","7","8","2","7","5","4","3","1","1","3","2","4","3","1","0","3","3"
"14724","04-01-25 18:30","England","Premier League","2024/2025","Brighton","Arsenal","45","55","46","54","44","56","11","9","6","5","5","4","4","3","1","2","3","1","4","4","2","1","2","3"
"14725","04-01-25 16:00","England","Premier League","2024/2025","Aston Villa","Leicester","61","39","61","39","61","39","13","4","3","1","10","3","5","2","1","0","4","2","3","2","0","1","3","1"
"14726","04-01-25 16:00","England","Premier League","2024/2025","Bournemouth","Everton","59","41","59","41","59","41","19","9","11","5","8","4","8","0","4","0","4","0","7","9","4","5","3","4"
"14727","04-01-25 16:00","England","Premier League","2024/2025","Crystal Palace","Chelsea","38","62","36","64","40","60","13","15","4","9","9","6","6","1","1","1","5","0","2","10","1","7","1","3"
"14728","04-01-25 16:00","England","Premier League","2024/2025","Manchester City","West Ham","56","44","58","42","54","46","10","17","6","7","4","10","7","4","4","0","3","4","0","10","0","5","0","5"
"14729","04-01-25 16:00","England","Premier League","2024/2025","Southampton","Brentford","50","50","50","50","50","50","8","20","5","6","3","14","1","11","1","3","0","8","5","7","3","2","2","5"
"14730","04-01-25 13:30","England","Premier League","2024/2025","Tottenham","Newcastle","57","43","45","55","69","31","13","14","4","7","9","7","4","4","2","3","2","1","6","3","1","2","5","1"
"14731","01-01-25 18:30","England","Premier League","2024/2025","Brentford","Arsenal","50","50","38","62","62","38","5","14","4","9","1","5","2","5","2","2","0","3","2","4","1","2","1","2"
"14732","30-12-24 21:00","England","Premier League","2024/2025","Manchester Utd","Newcastle","53","47","49","51","57","43","10","12","3","11","7","1","1","4","0","4","1","0","5","4","3","3","2","1"
"14733","30-12-24 20:45","England","Premier League","2024/2025","Aston Villa","Brighton","60","40","62","38","58","42","20","14","12","5","8","9","4","5","2","3","2","2","7","4","4","1","3","3"
"14734","30-12-24 20:45","England","Premier League","2024/2025","Ipswich","Chelsea","24","76","26","74","22","78","9","20","5","10","4","10","6","5","3","3","3","2","1","7","0","4","1","3"
"14735","29-12-24 18:15","England","Premier League","2024/2025","West Ham","Liverpool","45","55","39","61","51","49","7","22","3","12","4","10","0","13","0","8","0","5","4","7","2","3","2","4"
"14736","29-12-24 16:00","England","Premier League","2024/2025","Crystal Palace","Southampton","47","53","51","49","43","57","19","7","13","4","6","3","10","3","7","2","3","1","3","3","2","1","1","2"
"14737","29-12-24 16:00","England","Premier League","2024/2025","Everton","Nottingham","63","37","58","42","68","32","13","11","5","4","8","7","2","7","0","1","2","6","9","4","5","3","4","1"
"14738","29-12-24 16:00","England","Premier League","2024/2025","Fulham","Bournemouth","52","48","47","53","57","43","11","16","4","9","7","7","6","9","3","4","3","5","3","6","1","4","2","2"
"14739","29-12-24 16:00","England","Premier League","2024/2025","Tottenham","Wolves","48","52","47","53","49","51","13","11","8","4","5","7","3","3","3","1","0","2","7","4","3","2","4","2"
"14740","29-12-24 15:30","England","Premier League","2024/2025","Leicester","Manchester City","53","47","49","51","57","43","11","14","5","9","6","5","4","5","2","4","2","1","5","6","2","3","3","3"
"14741","27-12-24 21:15","England","Premier League","2024/2025","Arsenal","Ipswich","68","32","84","16","53","47","13","3","4","0","9","3","5","0","2","0","3","0","3","0","1","0","2","0"
"14742","27-12-24 20:30","England","Premier League","2024/2025","Brighton","Brentford","58","42","59","41","57","43","24","8","15","2","9","6","7","3","6","0","1","3","12","2","5","1","7","1"
"14743","26-12-24 21:00","England","Premier League","2024/2025","Liverpool","Leicester","68","32","73","27","63","37","19","4","10","4","9","0","7","1","2","1","5","0","6","2","5","2","1","0"
"14744","26-12-24 18:30","England","Premier League","2024/2025","Wolves","Manchester Utd","51","49","42","58","60","40","7","11","4","6","3","5","4","4","2","2","2","2","1","3","1","1","0","2"
"14745","26-12-24 16:00","England","Premier League","2024/2025","Bournemouth","Crystal Palace","52","48","51","49","53","47","18","10","9","4","9","6","4","4","2","2","2","2","10","2","4","1","6","1"
"14746","26-12-24 16:00","England","Premier League","2024/2025","Chelsea","Fulham","47","53","44","56","50","50","12","14","5","5","7","9","8","7","4","2","4","5","1","7","0","3","1","4"
"14747","26-12-24 16:00","England","Premier League","2024/2025","Newcastle","Aston Villa","63","37","62","38","64","36","22","4","9","3","13","1","8","1","4","1","4","0","7","2","3","1","4","1"
"14748","26-12-24 16:00","England","Premier League","2024/2025","Nottingham","Tottenham","29","71","30","70","28","72","10","13","4","7","6","6","3","4","1","3","2","1","5","4","2","1","3","3"
"14749","26-12-24 16:00","England","Premier League","2024/2025","Southampton","West Ham","55","45","48","52","62","38","18","16","11","8","7","8","5","2","5","1","0","1","9","8","3","4","6","4"
"14750","26-12-24 13:30","England","Premier League","2024/2025","Manchester City","Everton","66","34","61","39","71","29","24","8","11","4","13","4","5","3","3","2","2","1","9","3","3","2","6","1"
"14751","22-12-24 17:30","England","Premier League","2024/2025","Tottenham","Liverpool","52","48","48","52","56","44","9","24","5","13","4","11","5","12","2","5","3","7","3","8","3","4","0","4"
"14752","22-12-24 15:00","England","Premier League","2024/2025","Everton","Chelsea","25","75","24","76","26","74","5","12","2","8","3","4","4","5","2","4","2","1","0","3","0","3","0","0"
"14753","22-12-24 15:00","England","Premier League","2024/2025","Fulham","Southampton","57","43","54","46","60","40","16","5","8","1","8","4","5","1","1","0","4","1","6","1","5","0","1","1"
"14754","22-12-24 15:00","England","Premier League","2024/2025","Leicester","Wolves","53","47","55","45","51","49","9","8","4","4","5","4","5","4","3","3","2","1","2","3","0","0","2","3"
"14755","22-12-24 15:00","England","Premier League","2024/2025","Manchester Utd","Bournemouth","60","40","54","46","66","34","23","10","11","5","12","5","7","5","3","3","4","2","10","3","5","1","5","2"
"14756","21-12-24 18:30","England","Premier League","2024/2025","Crystal Palace","Arsenal","41","59","42","58","40","60","15","14","9","7","6","7","6","6","3","3","3","3","6","3","5","2","1","1"
"14757","21-12-24 16:00","England","Premier League","2024/2025","Brentford","Nottingham","64","36","61","39","67","33","7","10","4","4","3","6","3","6","2","3","1","3","2","3","2","1","0","2"
"14758","21-12-24 16:00","England","Premier League","2024/2025","Ipswich","Newcastle","41","59","48","52","34","66","10","15","4","10","6","5","2","7","1","5","1","2","4","7","2","4","2","3"
"14759","21-12-24 16:00","England","Premier League","2024/2025","West Ham","Brighton","46","54","53","47","40","60","11","12","3","2","8","10","4","6","1","1","3","5","3","2","1","0","2","2"
"14760","21-12-24 13:30","England","Premier League","2024/2025","Aston Villa","Manchester City","45","55","33","67","57","43","11","12","6","6","5","6","6","6","4","3","2","3","3","5","1","3","2","2"
"14761","16-12-24 21:00","England","Premier League","2024/2025","Bournemouth","West Ham","51","49","43","57","59","41","29","16","9","9","20","7","9","3","2","2","7","1","6","6","1","3","5","3"
"14762","15-12-24 20:00","England","Premier League","2024/2025","Chelsea","Brentford","62","38","68","32","56","44","26","9","15","1","11","8","8","4","5","0","3","4","10","3","6","0","4","3"
"14763","15-12-24 20:00","England","Premier League","2024/2025","Southampton","Tottenham","41","59","34","66","48","52","9","18","2","16","7","2","3","9","1","8","2","1","4","5","1","4","3","1"
"14764","15-12-24 17:30","England","Premier League","2024/2025","Manchester City","Manchester Utd","51","49","53","47","49","51","10","10","7","4","3","6","3","3","3","0","0","3","4","4","2","2","2","2"
"14765","15-12-24 15:00","England","Premier League","2024/2025","Brighton","Crystal Palace","64","36","49","51","79","21","17","13","6","7","11","6","5","5","1","3","4","2","4","5","3","2","1","3"
"14766","14-12-24 18:30","England","Premier League","2024/2025","Nottingham","Aston Villa","50","50","54","46","46","54","17","8","5","4","12","4","6","2","0","1","6","1","6","4","3","2","3","2"
"14767","14-12-24 16:00","England","Premier League","2024/2025","Arsenal","Everton","76","24","73","27","79","21","13","2","7","1","6","1","5","0","2","0","3","0","3","0","2","0","1","0"
"14768","14-12-24 16:00","England","Premier League","2024/2025","Liverpool","Fulham","60","40","61","39","59","41","16","12","4","6","12","6","4","3","1","1","3","2","7","5","2","2","5","3"
"14769","14-12-24 16:00","England","Premier League","2024/2025","Newcastle","Leicester","59","41","53","47","65","35","27","4","14","3","13","1","11","1","5","0","6","1","9","0","5","0","4","0"
"14770","14-12-24 16:00","England","Premier League","2024/2025","Wolves","Ipswich","54","46","55","45","53","47","16","10","5","4","11","6","6","5","1","3","5","2","5","2","2","0","3","2"
"14771","09-12-24 21:00","England","Premier League","2024/2025","West Ham","Wolves","54","46","57","43","51","49","19","19","12","9","7","10","4","5","2","2","2","3","6","7","3","2","3","5"
"14772","08-12-24 17:30","England","Premier League","2024/2025","Tottenham","Chelsea","38","62","33","67","43","57","13","17","5","8","8","9","5","8","3","3","2","5","5","4","2","2","3","2"
"14773","08-12-24 15:00","England","Premier League","2024/2025","Fulham","Arsenal","33","67","35","65","31","69","2","12","1","5","1","7","2","4","1","1","1","3","0","8","0","4","0","4"
"14774","08-12-24 15:00","England","Premier League","2024/2025","Ipswich","Bournemouth","43","57","43","57","43","57","18","22","10","8","8","14","5","6","4","1","1","5","6","9","4","4","2","5"
"14775","08-12-24 15:00","England","Premier League","2024/2025","Leicester","Brighton","54","46","52","48","56","44","10","16","4","10","6","6","3","7","1","5","2","2","2","6","1","4","1","2"
"14776","07-12-24 18:30","England","Premier League","2024/2025","Manchester Utd","Nottingham","71","29","73","27","69","31","17","11","7","6","10","5","7","3","4","1","3","2","5","4","2","2","3","2"
"14777","07-12-24 16:00","England","Premier League","2024/2025","Aston Villa","Southampton","47","53","48","52","46","54","18","4","8","3","10","1","5","0","2","0","3","0","5","0","1","0","4","0"
"14778","07-12-24 16:00","England","Premier League","2024/2025","Brentford","Newcastle","44","56","47","53","41","59","11","16","4","9","7","7","8","3","3","2","5","1","2","11","1","6","1","5"
"14779","07-12-24 16:00","England","Premier League","2024/2025","Crystal Palace","Manchester City","31","69","39","61","23","77","12","12","5","7","7","5","3","4","1","2","2","2","1","4","1","4","0","0"
"14780","05-12-24 21:15","England","Premier League","2024/2025","Bournemouth","Tottenham","34","66","33","67","35","65","21","12","5","5","16","7","8","4","3","1","5","3","8","5","0","3","8","2"
"14781","05-12-24 20:30","England","Premier League","2024/2025","Fulham","Brighton","44","56","39","61","49","51","6","13","4","9","2","4","2","3","1","2","1","1","3","5","2","3","1","2"
"14782","04-12-24 21:15","England","Premier League","2024/2025","Arsenal","Manchester Utd","50","50","48","52","52","48","14","5","3","2","11","3","6","2","0","0","6","2","3","3","2","2","1","1"
"14783","04-12-24 21:15","England","Premier League","2024/2025","Aston Villa","Brentford","49","51","45","55","53","47","20","9","9","2","11","7","10","1","5","0","5","1","6","4","3","1","3","3"
"14784","04-12-24 20:30","England","Premier League","2024/2025","Everton","Wolves","45","55","45","55","45","55","15","6","8","5","7","1","6","2","4","2","2","0","5","2","2","2","3","0"
"14785","04-12-24 20:30","England","Premier League","2024/2025","Manchester City","Nottingham","66","34","67","33","65","35","17","12","9","8","8","4","7","3","4","2","3","1","7","7","4","5","3","2"
"14786","04-12-24 20:30","England","Premier League","2024/2025","Newcastle","Liverpool","41","59","38","62","45","55","17","16","9","5","8","11","6","5","4","1","2","4","7","5","3","1","4","4"
"14787","04-12-24 20:30","England","Premier League","2024/2025","Southampton","Chelsea","45","55","56","44","34","66","6","26","5","14","1","12","4","13","3","6","1","7","0","7","0","4","0","3"
"14788","03-12-24 21:15","England","Premier League","2024/2025","Leicester","West Ham","39","61","43","57","35","65","8","31","3","20","5","11","6","10","3","7","3","3","2","10","0","5","2","5"
"14789","03-12-24 20:30","England","Premier League","2024/2025","Ipswich","Crystal Palace","54","46","49","51","59","41","9","13","3","9","6","4","2","3","1","1","1","2","4","4","0","3","4","1"
"14790","01-12-24 17:00","England","Premier League","2024/2025","Liverpool","Manchester City","44","56","53","47","34","66","18","8","10","1","8","7","7","2","4","0","3","2","7","3","4","1","3","2"
"14791","01-12-24 14:30","England","Premier League","2024/2025","Chelsea","Aston Villa","64","36","65","35","63","37","17","10","9","3","8","7","8","4","5","2","3","2","6","3","3","1","3","2"
"14792","01-12-24 14:30","England","Premier League","2024/2025","Manchester Utd","Everton","60","40","60","40","60","40","11","8","6","4","5","4","5","2","3","1","2","1","2","3","1","3","1","0"
"14793","01-12-24 14:30","England","Premier League","2024/2025","Tottenham","Fulham","50","50","48","52","52","48","8","14","5","8","3","6","3","6","2","2","1","4","3","4","2","2","1","2"
"14794","30-11-24 18:30","England","Premier League","2024/2025","West Ham","Arsenal","39","61","32","68","46","54","12","16","5","10","7","6","5","7","3","6","2","1","3","5","0","1","3","4"
"14795","30-11-24 16:00","England","Premier League","2024/2025","Brentford","Leicester","60","40","65","35","55","45","13","7","9","2","4","5","6","3","4","2","2","1","3","1","2","0","1","1"
"14796","30-11-24 16:00","England","Premier League","2024/2025","Crystal Palace","Newcastle","49","51","42","58","56","44","16","2","5","1","11","1","4","1","0","0","4","1","7","0","5","0","2","0"
"14797","30-11-24 16:00","England","Premier League","2024/2025","Nottingham","Ipswich","45","55","51","49","40","60","12","7","7","3","5","4","5","3","2","2","3","1","5","2","5","0","0","2"
"14798","30-11-24 16:00","England","Premier League","2024/2025","Wolves","Bournemouth","60","40","60","40","60","40","10","12","6","9","4","3","3","8","1","7","2","1","5","2","3","1","2","1"
"14799","29-11-24 21:00","England","Premier League","2024/2025","Brighton","Southampton","52","48","50","50","54","46","22","10","10","5","12","5","5","2","2","0","3","2","10","2","5","2","5","0"
"14800","25-11-24 21:00","England","Premier League","2024/2025","Newcastle","West Ham","52","48","55","45","49","51","18","15","10","6","8","9","2","6","2","2","0","4","10","3","5","2","5","1"
"14801","24-11-24 17:30","England","Premier League","2024/2025","Ipswich","Manchester Utd","40","60","50","50","30","70","11","11","7","5","4","6","6","4","4","3","2","1","3","5","2","2","1","3"
"14802","24-11-24 15:00","England","Premier League","2024/2025","Southampton","Liverpool","38","62","33","67","42","58","7","27","4","11","3","16","5","11","4","7","1","4","2","7","0","2","2","5"
"14803","23-11-24 18:30","England","Premier League","2024/2025","Manchester City","Tottenham","58","42","52","48","65","35","23","9","10","5","13","4","5","7","2","4","3","3","11","2","6","1","5","1"
"14804","23-11-24 16:00","England","Premier League","2024/2025","Arsenal","Nottingham","66","34","69","31","62","38","19","7","11","2","8","5","7","0","5","0","2","0","7","5","3","2","4","3"
"14805","23-11-24 16:00","England","Premier League","2024/2025","Aston Villa","Crystal Palace","70","30","67","33","73","27","17","13","7","5","10","8","5","6","3","3","2","3","6","6","3","2","3","4"
"14806","23-11-24 16:00","England","Premier League","2024/2025","Bournemouth","Brighton","55","45","47","53","63","37","20","6","6","4","14","2","6","4","2","3","4","1","11","1","4","0","7","1"
"14807","23-11-24 16:00","England","Premier League","2024/2025","Everton","Brentford","59","41","48","52","70","30","27","9","13","6","14","3","5","2","2","1","3","1","12","4","6","3","6","1"
"14808","23-11-24 16:00","England","Premier League","2024/2025","Fulham","Wolves","59","41","52","48","66","34","10","11","5","3","5","8","3","6","1","2","2","4","4","2","3","0","1","2"
"14809","23-11-24 13:30","England","Premier League","2024/2025","Leicester","Chelsea","36","64","30","70","41","59","5","16","2","8","3","8","2","7","0","2","2","5","2","6","2","4","0","2"
"14810","10-11-24 17:30","England","Premier League","2024/2025","Chelsea","Arsenal","49","51","48","52","50","50","17","13","9","5","8","8","3","3","1","1","2","2","6","4","3","1","3","3"
"14811","10-11-24 15:00","England","Premier League","2024/2025","Manchester Utd","Leicester","51","49","58","42","44","56","13","6","9","5","4","1","3","5","2","4","1","1","4","1","2","1","2","0"
"14812","10-11-24 15:00","England","Premier League","2024/2025","Nottingham","Newcastle","43","57","40","60","46","54","9","17","3","7","6","10","3","6","1","2","2","4","3","7","1","3","2","4"
"14813","10-11-24 15:00","England","Premier League","2024/2025","Tottenham","Ipswich","66","34","67","33","65","35","17","8","6","6","11","2","5","3","2","3","3","0","9","2","2","1","7","1"
"14814","09-11-24 21:00","England","Premier League","2024/2025","Liverpool","Aston Villa","63","37","61","39","65","35","14","12","6","9","8","3","5","2","2","2","3","0","6","8","2","5","4","3"
"14815","09-11-24 18:30","England","Premier League","2024/2025","Brighton","Manchester City","39","61","33","67","44","56","10","15","3","9","7","6","4","6","0","5","4","1","4","6","2","2","2","4"
"14816","09-11-24 16:00","England","Premier League","2024/2025","Brentford","Bournemouth","52","48","51","49","53","47","12","15","4","8","8","7","6","3","2","2","4","1","2","3","0","2","2","1"
"14817","09-11-24 16:00","England","Premier League","2024/2025","Crystal Palace","Fulham","35","65","34","66","36","64","13","17","6","9","7","8","5","7","1","3","4","4","6","6","3","3","3","3"
"14818","09-11-24 16:00","England","Premier League","2024/2025","West Ham","Everton","49","51","49","51","49","51","11","18","4","8","7","10","6","4","2","2","4","2","1","8","0","4","1","4"
"14819","09-11-24 16:00","England","Premier League","2024/2025","Wolves","Southampton","29","71","29","71","29","71","8","10","3","7","5","3","4","1","1","1","3","0","1","6","0","4","1","2"
"14820","04-11-24 21:00","England","Premier League","2024/2025","Fulham","Brentford","68","32","65","35","71","29","26","5","9","2","17","3","12","2","4","1","8","1","4","1","2","0","2","1"
"14821","03-11-24 17:30","England","Premier League","2024/2025","Manchester Utd","Chelsea","46","54","46","54","46","54","11","12","4","6","7","6","4","3","1","1","3","2","4","4","2","2","2","2"
"14822","03-11-24 15:00","England","Premier League","2024/2025","Tottenham","Aston Villa","51","49","54","46","48","52","16","12","8","7","8","5","6","1","0","1","6","0","8","8","6","4","2","4"
"14823","02-11-24 18:30","England","Premier League","2024/2025","Wolves","Crystal Palace","57","43","52","48","62","38","11","19","3","8","8","11","6","7","0","3","6","4","4","7","3","1","1","6"
"14824","02-11-24 16:00","England","Premier League","2024/2025","Bournemouth","Manchester City","35","65","41","59","29","71","12","18","5","4","7","14","6","4","3","0","3","4","4","10","1","2","3","8"
"14825","02-11-24 16:00","England","Premier League","2024/2025","Ipswich","Leicester","43","57","46","54","40","60","14","20","11","5","3","15","2","6","1","2","1","4","6","6","6","2","0","4"
"14826","02-11-24 16:00","England","Premier League","2024/2025","Liverpool","Brighton","49","51","47","53","51","49","16","13","5","7","11","6","8","5","1","4","7","1","2","4","1","2","1","2"
"14827","02-11-24 16:00","England","Premier League","2024/2025","Nottingham","West Ham","53","47","40","60","67","33","19","4","10","1","9","3","6","2","2","1","4","1","10","2","5","0","5","2"
"14828","02-11-24 16:00","England","Premier League","2024/2025","Southampton","Everton","65","35","66","34","64","36","9","16","2","6","7","10","2","5","0","2","2","3","5","8","2","3","3","5"
"14829","02-11-24 13:30","England","Premier League","2024/2025","Newcastle","Arsenal","36","64","42","58","30","70","9","10","4","6","5","4","4","1","1","1","3","0","2","6","1","4","1","2"
"14830","27-10-24 17:30","England","Premier League","2024/2025","Arsenal","Liverpool","45","55","52","48","38","62","9","9","6","3","3","6","3","4","2","2","1","2","4","3","3","1","1","2"
"14831","27-10-24 15:00","England","Premier League","2024/2025","Chelsea","Newcastle","51","49","59","41","44","56","17","11","9","8","8","3","7","3","4","2","3","1","6","5","2","3","4","2"
"14832","27-10-24 15:00","England","Premier League","2024/2025","Crystal Palace","Tottenham","34","66","33","67","35","65","14","11","7","8","7","3","6","3","3","1","3","2","7","4","3","4","4","0"
"14833","27-10-24 15:00","England","Premier League","2024/2025","West Ham","Manchester Utd","43","57","43","57","43","57","12","18","1","8","11","10","3","5","0","2","3","3","8","7","1","4","7","3"
"14834","26-10-24 18:30","England","Premier League","2024/2025","Everton","Fulham","40","60","39","61","41","59","10","14","4","8","6","6","5","3","2","2","3","1","3","9","1","4","2","5"
"14835","26-10-24 16:00","England","Premier League","2024/2025","Aston Villa","Bournemouth","57","43","57","43","57","43","18","11","8","6","10","5","8","3","4","2","4","1","5","4","2","3","3","1"
"14836","26-10-24 16:00","England","Premier League","2024/2025","Brentford","Ipswich","65","35","67","33","63","37","20","11","5","7","15","4","9","5","2","4","7","1","5","6","0","3","5","3"
"14837","26-10-24 16:00","England","Premier League","2024/2025","Brighton","Wolves","51","49","60","40","42","58","19","14","13","3","6","11","6","7","3","1","3","6","5","2","4","1","1","1"
"14838","26-10-24 16:00","England","Premier League","2024/2025","Manchester City","Southampton","58","42","53","47","63","37","22","5","10","1","12","4","8","2","4","0","4","2","7","2","3","1","4","1"
"14839","25-10-24 21:00","England","Premier League","2024/2025","Leicester","Nottingham","64","36","61","39","67","33","11","20","7","9","4","11","1","5","1","3","0","2","7","9","5","1","2","8"
"14840","21-10-24 21:00","England","Premier League","2024/2025","Nottingham","Crystal Palace","50","50","51","49","49","51","20","20","9","9","11","11","6","7","2","3","4","4","5","7","3","4","2","3"
"14841","20-10-24 17:30","England","Premier League","2024/2025","Liverpool","Chelsea","43","57","45","55","41","59","8","12","4","3","4","9","5","2","3","0","2","2","2","6","0","2","2","4"
"14842","20-10-24 15:00","England","Premier League","2024/2025","Wolves","Manchester City","22","78","21","79","23","77","3","22","2","10","1","12","2","7","2","3","0","4","1","7","0","3","1","4"
"14843","19-10-24 18:30","England","Premier League","2024/2025","Bournemouth","Arsenal","48","52","50","50","46","54","13","6","7","3","6","3","4","1","2","0","2","1","4","4","1","2","3","2"
"14844","19-10-24 16:00","England","Premier League","2024/2025","Fulham","Aston Villa","52","48","43","57","61","39","10","14","6","5","4","9","4","5","2","2","2","3","5","5","3","2","2","3"
"14845","19-10-24 16:00","England","Premier League","2024/2025","Ipswich","Everton","55","45","56","44","54","46","13","11","5","6","8","5","2","8","0","5","2","3","8","3","4","1","4","2"
"14846","19-10-24 16:00","England","Premier League","2024/2025","Manchester Utd","Brentford","50","50","53","47","47","53","23","8","10","6","13","2","11","2","3","2","8","0","6","4","3","3","3","1"
"14847","19-10-24 16:00","England","Premier League","2024/2025","Newcastle","Brighton","60","40","64","36","56","44","21","10","8","3","13","7","6","5","2","1","4","4","6","3","2","1","4","2"
"14848","19-10-24 16:00","England","Premier League","2024/2025","Southampton","Leicester","41","59","45","55","37","63","14","18","7","7","7","11","7","4","4","0","3","4","5","10","3","5","2","5"
"14849","19-10-24 13:30","England","Premier League","2024/2025","Tottenham","West Ham","57","43","61","39","53","47","22","11","12","5","10","6","7","4","2","2","5","2","9","4","5","3","4","1"
"14850","06-10-24 17:30","England","Premier League","2024/2025","Brighton","Tottenham","41","59","37","63","45","55","11","13","5","6","6","7","4","3","0","2","4","1","5","7","4","2","1","5"
"14851","06-10-24 15:00","England","Premier League","2024/2025","Aston Villa","Manchester Utd","54","46","50","50","58","42","11","10","4","2","7","8","1","4","0","2","1","2","7","4","2","0","5","4"
"14852","06-10-24 15:00","England","Premier League","2024/2025","Chelsea","Nottingham","66","34","65","35","67","33","22","16","9","6","13","10","8","9","2","2","6","7","9","1","4","1","5","0"
"14853","05-10-24 18:30","England","Premier League","2024/2025","Everton","Newcastle","32","68","29","71","35","65","8","14","3","5","5","9","2","3","2","1","0","2","5","6","0","3","5","3"
"14854","05-10-24 16:00","England","Premier League","2024/2025","Arsenal","Southampton","59","41","72","28","46","54","29","8","13","2","16","6","6","2","1","1","5","1","13","4","5","0","8","4"
"14855","05-10-24 16:00","England","Premier League","2024/2025","Brentford","Wolves","44","56","49","51","39","61","19","17","9","8","10","9","12","6","6","3","6","3","4","6","1","3","3","3"
"14856","05-10-24 16:00","England","Premier League","2024/2025","Leicester","Bournemouth","44","56","51","49","37","63","6","17","5","6","1","11","2","2","2","1","0","1","4","11","3","2","1","9"
"14857","05-10-24 16:00","England","Premier League","2024/2025","Manchester City","Fulham","58","42","65","35","51","49","20","11","15","7","5","4","7","4","4","2","3","2","5","2","4","2","1","0"
"14858","05-10-24 16:00","England","Premier League","2024/2025","West Ham","Ipswich","53","47","62","38","44","56","23","9","12","5","11","4","13","2","7","1","6","1","6","4","3","2","3","2"
"14859","05-10-24 13:30","England","Premier League","2024/2025","Crystal Palace","Liverpool","32","68","28","72","36","64","9","16","1","9","8","7","5","4","1","2","4","2","4","7","0","4","4","3"
"14860","30-09-24 21:00","England","Premier League","2024/2025","Bournemouth","Southampton","40","60","50","50","30","70","14","9","6","3","8","6","6","3","4","1","2","2","2","3","0","1","2","2"
"14861","29-09-24 17:30","England","Premier League","2024/2025","Manchester Utd","Tottenham","39","61","37","63","41","59","11","24","3","12","8","12","2","11","2","4","0","7","6","7","1","4","5","3"
"14862","29-09-24 15:00","England","Premier League","2024/2025","Ipswich","Aston Villa","44","56","36","64","52","48","15","7","6","4","9","3","5","3","3","2","2","1","5","4","2","2","3","2"
"14863","28-09-24 18:30","England","Premier League","2024/2025","Wolves","Liverpool","45","55","45","55","45","55","8","10","3","5","5","5","3","6","2","3","1","3","4","3","1","1","3","2"
"14864","28-09-24 16:00","England","Premier League","2024/2025","Arsenal","Leicester","75","25","76","24","74","26","36","5","11","1","25","4","16","3","5","0","11","3","13","1","3","0","10","1"
"14865","28-09-24 16:00","England","Premier League","2024/2025","Brentford","West Ham","57","43","50","50","64","36","8","19","4","8","4","11","3","3","1","0","2","3","4","11","2","5","2","6"
"14866","28-09-24 16:00","England","Premier League","2024/2025","Chelsea","Brighton","41","59","36","64","46","54","15","15","7","9","8","6","7","5","4","4","3","1","4","5","2","3","2","2"
"14867","28-09-24 16:00","England","Premier League","2024/2025","Everton","Crystal Palace","41","59","41","59","41","59","8","17","4","9","4","8","2","5","0","4","2","1","5","7","3","2","2","5"
"14868","28-09-24 16:00","England","Premier League","2024/2025","Nottingham","Fulham","41","59","34","66","48","52","11","14","5","7","6","7","1","2","0","1","1","1","5","5","2","3","3","2"
"14869","28-09-24 13:30","England","Premier League","2024/2025","Newcastle","Manchester City","38","62","41","59","35","65","10","16","6","8","4","8","4","6","2","3","2","3","2","4","0","1","2","3"
"14870","22-09-24 17:30","England","Premier League","2024/2025","Manchester City","Arsenal","78","22","66","34","90","10","33","5","5","4","28","1","11","3","2","2","9","1","10","2","2","2","8","0"
"14871","22-09-24 15:00","England","Premier League","2024/2025","Brighton","Nottingham","71","29","65","35","77","23","14","4","6","2","8","2","3","3","2","2","1","1","6","0","4","0","2","0"
"14872","21-09-24 18:30","England","Premier League","2024/2025","Crystal Palace","Manchester Utd","33","67","30","70","36","64","9","15","2","13","7","2","4","6","1","5","3","1","4","6","0","6","4","0"
"14873","21-09-24 16:00","England","Premier League","2024/2025","Aston Villa","Wolves","53","47","41","59","65","35","9","10","2","10","7","0","4","4","0","4","4","0","0","0","0","0","0","0"
"14874","21-09-24 16:00","England","Premier League","2024/2025","Fulham","Newcastle","39","61","40","60","38","62","22","15","11","4","11","11","11","4","7","1","4","3","8","8","3","2","5","6"
"14875","21-09-24 16:00","England","Premier League","2024/2025","Leicester","Everton","58","42","46","54","70","30","12","16","4","10","8","6","2","5","1","3","1","2","7","7","2","5","5","2"
"14876","21-09-24 16:00","England","Premier League","2024/2025","Liverpool","Bournemouth","59","41","64","36","54","46","19","19","10","5","9","14","13","6","8","2","5","4","3","9","2","3","1","6"
"14877","21-09-24 16:00","England","Premier League","2024/2025","Southampton","Ipswich","54","46","53","47","55","45","11","13","3","7","8","6","3","6","1","3","2","3","5","3","2","2","3","1"
"14878","21-09-24 16:00","England","Premier League","2024/2025","Tottenham","Brentford","48","52","53","47","43","57","23","6","16","4","7","2","10","6","5","4","5","2","3","0","2","0","1","0"
"14879","21-09-24 13:30","England","Premier League","2024/2025","West Ham","Chelsea","52","48","48","52","56","44","15","12","9","5","6","7","7","5","3","2","4","3","4","4","3","2","1","2"
"14880","15-09-24 17:30","England","Premier League","2024/2025","Wolves","Newcastle","49","51","37","63","60","40","12","14","5","3","7","11","5","6","2","1","3","5","5","4","2","1","3","3"
"14881","15-09-24 15:00","England","Premier League","2024/2025","Tottenham","Arsenal","64","36","67","33","61","39","15","8","5","6","10","2","5","4","1","3","4","1","6","1","2","1","4","0"
"14882","14-09-24 21:00","England","Premier League","2024/2025","Bournemouth","Chelsea","33","67","31","69","35","65","19","10","10","4","9","6","7","3","4","1","3","2","9","5","5","2","4","3"
"14883","14-09-24 18:30","England","Premier League","2024/2025","Aston Villa","Everton","73","27","77","23","69","31","17","6","7","3","10","3","8","2","4","2","4","0","6","3","1","0","5","3"
"14884","14-09-24 16:00","England","Premier League","2024/2025","Brighton","Ipswich","70","30","71","29","69","31","21","6","6","1","15","5","6","1","4","0","2","1","5","4","1","1","4","3"
"14885","14-09-24 16:00","England","Premier League","2024/2025","Crystal Palace","Leicester","67","33","63","37","71","29","20","9","9","5","11","4","4","4","2","2","2","2","6","4","4","3","2","1"
"14886","14-09-24 16:00","England","Premier League","2024/2025","Fulham","West Ham","54","46","51","49","57","43","21","11","11","5","10","6","5","3","4","0","1","3","8","5","3","3","5","2"
"14887","14-09-24 16:00","England","Premier League","2024/2025","Liverpool","Nottingham","70","30","70","30","70","30","14","5","8","1","6","4","5","3","4","0","1","3","6","2","3","1","3","1"
"14888","14-09-24 16:00","England","Premier League","2024/2025","Manchester City","Brentford","54","46","48","52","60","40","18","8","7","6","11","2","7","5","3","4","4","1","6","2","2","1","4","1"
"14889","14-09-24 13:30","England","Premier League","2024/2025","Southampton","Manchester Utd","44","56","52","48","36","64","6","18","5","10","1","8","4","10","3","8","1","2","1","3","1","1","0","2"
"14890","01-09-24 17:00","England","Premier League","2024/2025","Manchester Utd","Liverpool","53","47","46","54","60","40","8","11","2","3","6","8","3","3","1","2","2","1","5","8","1","1","4","7"
"14891","01-09-24 14:30","England","Premier League","2024/2025","Chelsea","Crystal Palace","63","37","61","39","65","35","13","9","7","3","6","6","7","3","3","1","4","2","4","1","3","1","1","0"
"14892","01-09-24 14:30","England","Premier League","2024/2025","Newcastle","Tottenham","34","66","35","65","33","67","9","20","6","8","3","12","3","6","1","2","2","4","4","6","4","2","0","4"
"14893","31-08-24 18:30","England","Premier League","2024/2025","West Ham","Manchester City","32","68","31","69","33","67","10","23","3","12","7","11","2","8","2","5","0","3","7","11","1","5","6","6"
"14894","31-08-24 16:00","England","Premier League","2024/2025","Brentford","Southampton","37","63","38","62","36","64","20","18","10","8","10","10","7","6","4","3","3","3","8","7","4","3","4","4"
"14895","31-08-24 16:00","England","Premier League","2024/2025","Everton","Bournemouth","47","53","57","43","37","63","18","17","4","4","14","13","8","7","1","0","7","7","10","7","3","2","7","5"
"14896","31-08-24 16:00","England","Premier League","2024/2025","Ipswich","Fulham","48","52","41","59","55","45","11","9","6","4","5","5","4","4","3","2","1","2","4","2","3","1","1","1"
"14897","31-08-24 16:00","England","Premier League","2024/2025","Leicester","Aston Villa","57","43","58","42","56","44","9","10","2","5","7","5","3","5","2","3","1","2","4","4","0","1","4","3"
"14898","31-08-24 16:00","England","Premier League","2024/2025","Nottingham","Wolves","52","48","46","54","58","42","16","11","6","8","10","3","5","3","2","3","3","0","7","4","4","3","3","1"
"14899","31-08-24 13:30","England","Premier League","2024/2025","Arsenal","Brighton","36","64","48","52","24","76","11","22","6","3","5","19","7","4","5","1","2","3","1","11","0","1","1","10"
"14900","25-08-24 17:30","England","Premier League","2024/2025","Liverpool","Brentford","62","38","55","45","69","31","19","8","5","5","14","3","8","2","2","1","6","1","4","3","2","2","2","1"
"14901","25-08-24 15:00","England","Premier League","2024/2025","Bournemouth","Newcastle","39","61","49","51","29","71","16","14","5","2","11","12","4","5","3","1","1","4","8","6","1","1","7","5"
"14902","25-08-24 15:00","England","Premier League","2024/2025","Wolves","Chelsea","38","62","37","63","39","61","12","14","8","6","4","8","4","8","4","4","0","4","8","3","4","1","4","2"
"14903","24-08-24 18:30","England","Premier League","2024/2025","Aston Villa","Arsenal","39","61","35","65","43","57","11","9","3","3","8","6","3","4","1","1","2","3","5","4","1","2","4","2"
"14904","24-08-24 16:00","England","Premier League","2024/2025","Crystal Palace","West Ham","59","41","51","49","67","33","14","18","8","9","6","9","2","3","1","0","1","3","8","10","4","5","4","5"
"14905","24-08-24 16:00","England","Premier League","2024/2025","Fulham","Leicester","55","45","59","41","51","49","18","10","10","5","8","5","6","4","5","3","1","1","8","4","2","2","6","2"
"14906","24-08-24 16:00","England","Premier League","2024/2025","Manchester City","Ipswich","76","24","74","26","78","22","14","2","9","2","5","0","5","2","4","2","1","0","4","0","4","0","0","0"
"14907","24-08-24 16:00","England","Premier League","2024/2025","Southampton","Nottingham","65","35","57","43","73","27","5","23","4","12","1","11","1","8","1","4","0","4","1","8","1","4","0","4"
"14908","24-08-24 16:00","England","Premier League","2024/2025","Tottenham","Everton","71","29","75","25","67","33","13","10","9","9","4","1","7","1","5","1","2","0","4","7","3","7","1","0"
"14909","24-08-24 13:30","England","Premier League","2024/2025","Brighton","Manchester Utd","48","52","47","53","49","51","14","11","3","5","11","6","5","4","1","1","4","3","8","5","2","4","6","1"
"14910","19-08-24 21:00","England","Premier League","2024/2025","Leicester","Tottenham","29","71","27","73","31","69","7","15","1","10","6","5","3","7","0","4","3","3","3","2","1","2","2","0"
"14911","18-08-24 17:30","England","Premier League","2024/2025","Chelsea","Manchester City","48","52","52","48","44","56","10","11","4","7","6","4","3","5","1","3","2","2","2","4","1","2","1","2"
"14912","18-08-24 15:00","England","Premier League","2024/2025","Brentford","Crystal Palace","46","54","52","48","40","60","9","14","3","4","6","10","5","6","2","1","3","5","3","4","1","2","2","2"
"14913","17-08-24 18:30","England","Premier League","2024/2025","West Ham","Aston Villa","51","49","51","49","51","49","14","15","5","8","9","7","3","3","2","2","1","1","8","7","2","3","6","4"
"14914","17-08-24 16:00","England","Premier League","2024/2025","Arsenal","Wolves","53","47","64","36","42","58","18","9","12","4","6","5","6","3","4","1","2","2","7","5","6","2","1","3"
"14915","17-08-24 16:00","England","Premier League","2024/2025","Everton","Brighton","37","63","46","54","28","72","9","10","6","5","3","5","1","5","1","1","0","4","6","5","5","4","1","1"
"14916","17-08-24 16:00","England","Premier League","2024/2025","Newcastle","Southampton","22","78","28","72","16","84","3","19","3","4","0","15","1","5","1","0","0","5","0","6","0","3","0","3"
"14917","17-08-24 16:00","England","Premier League","2024/2025","Nottingham","Bournemouth","53","47","58","42","49","51","14","15","9","7","5","8","8","5","5","2","3","3","3","8","2","5","1","3"
"14918","17-08-24 13:30","England","Premier League","2024/2025","Ipswich","Liverpool","38","62","44","56","32","68","7","18","4","3","3","15","2","5","2","0","0","5","3","6","1","1","2","5"
"14919","16-08-24 21:00","England","Premier League","2024/2025","Manchester Utd","Fulham","55","45","63","37","47","53","14","10","6","3","8","7","5","2","3","1","2","1","8","6","3","2","5","4"